/home/taes/taes/projects/jodd/revisions/rev_fec02fa_d3a363b/rev_fec02fa-d3a363b/jodd-petite/src/main/java/jodd/petite/PetiteContainer.java;NONE
/home/taes/taes/projects/jodd/revisions/rev_fec02fa_d3a363b/rev_fec02fa-d3a363b/jodd-petite/src/main/java/jodd/petite/PetiteBeans.java;NONE
/home/taes/taes/projects/liferay-plugins/revisions/rev_fc5104c_379a202/rev_fc5104c-379a202/portlets/opensocial-portlet/docroot/WEB-INF/src/com/liferay/opensocial/gadget/portlet/BaseGadgetPortlet.java;NONE
/home/taes/taes/projects/liferay-plugins/revisions/rev_fc5104c_379a202/rev_fc5104c-379a202/portlets/opensocial-portlet/docroot/WEB-INF/src/com/liferay/opensocial/gadget/portlet/BaseGadgetPortlet.java;NONE
/home/taes/taes/projects/elephant-bird/revisions/rev_2eb053b_b8dae6e/rev_2eb053b-b8dae6e/src/java/com/twitter/elephantbird/mapreduce/output/LzoProtobufBlockOutputFormat.java;NONE
/home/taes/taes/projects/elephant-bird/revisions/rev_2eb053b_b8dae6e/rev_2eb053b-b8dae6e/src/java/com/twitter/elephantbird/mapreduce/output/LzoProtobufB64LineOutputFormat.java;NONE
/home/taes/taes/projects/jodd/revisions/rev_b308375_38b60c8/rev_b308375-38b60c8/jodd-http/src/main/java/jodd/http/HttpBrowser.java;MINE
/home/taes/taes/projects/elephant-bird/revisions/rev_8eed34e_cebd3d0/rev_8eed34e-cebd3d0/src/java/com/twitter/elephantbird/mapreduce/output/LzoProtobufBlockOutputFormat.java;NONE
/home/taes/taes/projects/elephant-bird/revisions/rev_8eed34e_cebd3d0/rev_8eed34e-cebd3d0/src/java/com/twitter/elephantbird/mapreduce/output/LzoProtobufBlockOutputFormat.java;NONE
/home/taes/taes/projects/elephant-bird/revisions/rev_8eed34e_cebd3d0/rev_8eed34e-cebd3d0/src/java/com/twitter/elephantbird/mapreduce/output/LzoProtobufB64LineOutputFormat.java;NONE
/home/taes/taes/projects/elephant-bird/revisions/rev_8eed34e_cebd3d0/rev_8eed34e-cebd3d0/src/java/com/twitter/elephantbird/mapreduce/output/LzoProtobufB64LineOutputFormat.java;NONE
/home/taes/taes/projects/elephant-bird/revisions/rev_8eed34e_cebd3d0/rev_8eed34e-cebd3d0/src/java/com/twitter/elephantbird/mapreduce/output/LzoThriftB64LineOutputFormat.java;NONE
/home/taes/taes/projects/elephant-bird/revisions/rev_8eed34e_cebd3d0/rev_8eed34e-cebd3d0/src/java/com/twitter/elephantbird/mapreduce/output/LzoThriftB64LineOutputFormat.java;NONE
/home/taes/taes/projects/elephant-bird/revisions/rev_8eed34e_cebd3d0/rev_8eed34e-cebd3d0/src/java/com/twitter/elephantbird/mapreduce/input/LzoProtobufBlockRecordReader.java;NONE
/home/taes/taes/projects/elephant-bird/revisions/rev_8eed34e_cebd3d0/rev_8eed34e-cebd3d0/src/java/com/twitter/elephantbird/mapreduce/input/LzoThriftB64LineInputFormat.java;NONE
/home/taes/taes/projects/elephant-bird/revisions/rev_8eed34e_cebd3d0/rev_8eed34e-cebd3d0/src/java/com/twitter/elephantbird/mapreduce/input/LzoThriftB64LineInputFormat.java;NONE
/home/taes/taes/projects/elephant-bird/revisions/rev_8eed34e_cebd3d0/rev_8eed34e-cebd3d0/src/java/com/twitter/elephantbird/mapreduce/input/LzoThriftB64LineRecordReader.java;NONE
/home/taes/taes/projects/elephant-bird/revisions/rev_8eed34e_cebd3d0/rev_8eed34e-cebd3d0/src/java/com/twitter/elephantbird/mapreduce/input/LzoProtobufB64LineRecordReader.java;NONE
/home/taes/taes/projects/elephant-bird/revisions/rev_8eed34e_cebd3d0/rev_8eed34e-cebd3d0/src/java/com/twitter/elephantbird/mapreduce/input/LzoProtobufB64LineRecordReader.java;NONE
/home/taes/taes/projects/elephant-bird/revisions/rev_8eed34e_cebd3d0/rev_8eed34e-cebd3d0/src/java/com/twitter/elephantbird/mapreduce/io/ProtobufWritable.java;NONE
/home/taes/taes/projects/elephant-bird/revisions/rev_8eed34e_cebd3d0/rev_8eed34e-cebd3d0/src/java/com/twitter/elephantbird/mapreduce/io/ProtobufBlockWriter.java;NONE
/home/taes/taes/projects/elephant-bird/revisions/rev_8eed34e_cebd3d0/rev_8eed34e-cebd3d0/src/java/com/twitter/elephantbird/mapreduce/io/ProtobufBlockReader.java;NONE
/home/taes/taes/projects/elephant-bird/revisions/rev_8eed34e_cebd3d0/rev_8eed34e-cebd3d0/src/java/com/twitter/elephantbird/mapreduce/io/ProtobufBlockReader.java;NONE
/home/taes/taes/projects/elephant-bird/revisions/rev_8eed34e_cebd3d0/rev_8eed34e-cebd3d0/src/java/com/twitter/elephantbird/pig/util/ProtobufToPig.java;NONE
/home/taes/taes/projects/elephant-bird/revisions/rev_8eed34e_cebd3d0/rev_8eed34e-cebd3d0/src/java/com/twitter/elephantbird/pig/util/PigCounterHelper.java;NONE
/home/taes/taes/projects/elephant-bird/revisions/rev_8eed34e_cebd3d0/rev_8eed34e-cebd3d0/src/java/com/twitter/elephantbird/pig/util/PigCounterHelper.java;NONE
/home/taes/taes/projects/elephant-bird/revisions/rev_8eed34e_cebd3d0/rev_8eed34e-cebd3d0/src/java/com/twitter/elephantbird/pig/util/PigCounterHelper.java;NONE
/home/taes/taes/projects/elephant-bird/revisions/rev_8eed34e_cebd3d0/rev_8eed34e-cebd3d0/src/java/com/twitter/elephantbird/pig/util/PigCounterHelper.java;NONE
/home/taes/taes/projects/elephant-bird/revisions/rev_8eed34e_cebd3d0/rev_8eed34e-cebd3d0/src/java/com/twitter/elephantbird/pig/load/LzoProtobufBlockPigLoader.java;NONE
/home/taes/taes/projects/elephant-bird/revisions/rev_8eed34e_cebd3d0/rev_8eed34e-cebd3d0/src/java/com/twitter/elephantbird/pig/load/LzoProtobufB64LinePigLoader.java;NONE
/home/taes/taes/projects/elephant-bird/revisions/rev_8eed34e_cebd3d0/rev_8eed34e-cebd3d0/src/java/com/twitter/elephantbird/pig/load/LzoProtobufB64LinePigLoader.java;NONE
/home/taes/taes/projects/elephant-bird/revisions/rev_8eed34e_cebd3d0/rev_8eed34e-cebd3d0/src/java/com/twitter/elephantbird/pig/piggybank/BytesToThriftTuple.java;NONE
/home/taes/taes/projects/elephant-bird/revisions/rev_8eed34e_cebd3d0/rev_8eed34e-cebd3d0/src/test/com/twitter/elephantbird/pig/piggybank/TestThriftToPig.java;NONE
/home/taes/taes/projects/elephant-bird/revisions/rev_8eed34e_cebd3d0/rev_8eed34e-cebd3d0/src/test/com/twitter/elephantbird/pig/piggybank/TestThriftToPig.java;NONE
/home/taes/taes/projects/elephant-bird/revisions/rev_8eed34e_cebd3d0/rev_8eed34e-cebd3d0/src/test/com/twitter/elephantbird/pig/piggybank/TestThriftToPig.java;NONE
/home/taes/taes/projects/elephant-bird/revisions/rev_8eed34e_cebd3d0/rev_8eed34e-cebd3d0/src/java/com/twitter/elephantbird/util/Protobufs.java;MINE
/home/taes/taes/projects/elephant-bird/revisions/rev_8eed34e_cebd3d0/rev_8eed34e-cebd3d0/src/java/com/twitter/elephantbird/mapreduce/output/LzoThriftB64LineOutputFormat.java;NONE
/home/taes/taes/projects/elephant-bird/revisions/rev_8eed34e_cebd3d0/rev_8eed34e-cebd3d0/src/java/com/twitter/elephantbird/mapreduce/io/ProtobufBlockReader.java;MINE
/home/taes/taes/projects/elephant-bird/revisions/rev_8eed34e_cebd3d0/rev_8eed34e-cebd3d0/src/java/com/twitter/elephantbird/mapreduce/io/ProtobufBlockReader.java;YOURS
/home/taes/taes/projects/elephant-bird/revisions/rev_8eed34e_cebd3d0/rev_8eed34e-cebd3d0/src/java/com/twitter/elephantbird/mapreduce/io/ProtobufBlockReader.java;NONE
/home/taes/taes/projects/elephant-bird/revisions/rev_8eed34e_cebd3d0/rev_8eed34e-cebd3d0/src/java/com/twitter/elephantbird/pig/util/PigCounterHelper.java;YOURS
/home/taes/taes/projects/elephant-bird/revisions/rev_8eed34e_cebd3d0/rev_8eed34e-cebd3d0/src/java/com/twitter/elephantbird/pig/load/LzoProtobufBlockPigLoader.java;MINE
/home/taes/taes/projects/elephant-bird/revisions/rev_8eed34e_cebd3d0/rev_8eed34e-cebd3d0/src/java/com/twitter/elephantbird/pig/load/LzoProtobufBlockPigLoader.java;MINE
/home/taes/taes/projects/elephant-bird/revisions/rev_8eed34e_cebd3d0/rev_8eed34e-cebd3d0/src/java/com/twitter/elephantbird/pig/load/LzoProtobufB64LinePigLoader.java;MINE
/home/taes/taes/projects/elephant-bird/revisions/rev_8eed34e_cebd3d0/rev_8eed34e-cebd3d0/src/java/com/twitter/elephantbird/pig/load/LzoProtobufB64LinePigLoader.java;MINE
/home/taes/taes/projects/elephant-bird/revisions/rev_8eed34e_cebd3d0/rev_8eed34e-cebd3d0/src/java/com/twitter/elephantbird/pig/piggybank/BytesToThriftTuple.java;MINE
/home/taes/taes/projects/elephant-bird/revisions/rev_8eed34e_cebd3d0/rev_8eed34e-cebd3d0/src/java/com/twitter/elephantbird/pig/piggybank/BytesToThriftTuple.java;NONE
/home/taes/taes/projects/elephant-bird/revisions/rev_8eed34e_cebd3d0/rev_8eed34e-cebd3d0/src/test/com/twitter/elephantbird/pig/piggybank/TestThriftToPig.java;NONE
/home/taes/taes/projects/elephant-bird/revisions/rev_8eed34e_cebd3d0/rev_8eed34e-cebd3d0/src/test/com/twitter/elephantbird/pig/piggybank/TestThriftToPig.java;YOURS
/home/taes/taes/projects/elephant-bird/revisions/rev_b0d7a3e_6abbab9/rev_b0d7a3e-6abbab9/src/java/com/twitter/elephantbird/mapreduce/output/LzoProtobufBlockOutputFormat.java;NONE
/home/taes/taes/projects/elephant-bird/revisions/rev_b0d7a3e_6abbab9/rev_b0d7a3e-6abbab9/src/java/com/twitter/elephantbird/mapreduce/output/LzoProtobufBlockOutputFormat.java;NONE
/home/taes/taes/projects/elephant-bird/revisions/rev_b0d7a3e_6abbab9/rev_b0d7a3e-6abbab9/src/java/com/twitter/elephantbird/mapreduce/output/LzoProtobufB64LineOutputFormat.java;NONE
/home/taes/taes/projects/elephant-bird/revisions/rev_b0d7a3e_6abbab9/rev_b0d7a3e-6abbab9/src/java/com/twitter/elephantbird/mapreduce/output/LzoProtobufB64LineOutputFormat.java;NONE
/home/taes/taes/projects/elephant-bird/revisions/rev_b0d7a3e_6abbab9/rev_b0d7a3e-6abbab9/src/java/com/twitter/elephantbird/mapreduce/input/LzoProtobufB64LineInputFormat.java;NONE
/home/taes/taes/projects/elephant-bird/revisions/rev_b0d7a3e_6abbab9/rev_b0d7a3e-6abbab9/src/java/com/twitter/elephantbird/mapreduce/input/LzoProtobufB64LineInputFormat.java;NONE
/home/taes/taes/projects/elephant-bird/revisions/rev_b0d7a3e_6abbab9/rev_b0d7a3e-6abbab9/src/java/com/twitter/elephantbird/mapreduce/input/LzoProtobufB64LineInputFormat.java;NONE
/home/taes/taes/projects/elephant-bird/revisions/rev_b0d7a3e_6abbab9/rev_b0d7a3e-6abbab9/src/java/com/twitter/elephantbird/mapreduce/input/LzoProtobufBlockInputFormat.java;NONE
/home/taes/taes/projects/elephant-bird/revisions/rev_b0d7a3e_6abbab9/rev_b0d7a3e-6abbab9/src/java/com/twitter/elephantbird/mapreduce/input/LzoProtobufBlockInputFormat.java;NONE
/home/taes/taes/projects/elephant-bird/revisions/rev_b0d7a3e_6abbab9/rev_b0d7a3e-6abbab9/src/java/com/twitter/elephantbird/mapreduce/input/LzoProtobufBlockInputFormat.java;NONE
/home/taes/taes/projects/elephant-bird/revisions/rev_b0d7a3e_6abbab9/rev_b0d7a3e-6abbab9/src/java/com/twitter/elephantbird/mapreduce/input/LzoProtobufBlockRecordReader.java;NONE
/home/taes/taes/projects/elephant-bird/revisions/rev_b0d7a3e_6abbab9/rev_b0d7a3e-6abbab9/src/java/com/twitter/elephantbird/mapreduce/input/LzoProtobufBlockRecordReader.java;NONE
/home/taes/taes/projects/elephant-bird/revisions/rev_b0d7a3e_6abbab9/rev_b0d7a3e-6abbab9/src/java/com/twitter/elephantbird/mapreduce/input/LzoProtobufB64LineRecordReader.java;NONE
/home/taes/taes/projects/elephant-bird/revisions/rev_b0d7a3e_6abbab9/rev_b0d7a3e-6abbab9/src/java/com/twitter/elephantbird/mapreduce/io/ProtobufBlockWriter.java;NONE
/home/taes/taes/projects/elephant-bird/revisions/rev_b0d7a3e_6abbab9/rev_b0d7a3e-6abbab9/src/java/com/twitter/elephantbird/mapreduce/io/ProtobufBlockWriter.java;NONE
/home/taes/taes/projects/elephant-bird/revisions/rev_b0d7a3e_6abbab9/rev_b0d7a3e-6abbab9/src/java/com/twitter/elephantbird/mapreduce/io/ProtobufConverter.java;NONE
/home/taes/taes/projects/elephant-bird/revisions/rev_b0d7a3e_6abbab9/rev_b0d7a3e-6abbab9/src/java/com/twitter/elephantbird/mapreduce/io/ProtobufConverter.java;NONE
/home/taes/taes/projects/elephant-bird/revisions/rev_b0d7a3e_6abbab9/rev_b0d7a3e-6abbab9/src/java/com/twitter/elephantbird/mapreduce/io/ProtobufBlockReader.java;NONE
/home/taes/taes/projects/elephant-bird/revisions/rev_b0d7a3e_6abbab9/rev_b0d7a3e-6abbab9/src/java/com/twitter/elephantbird/proto/codegen/LzoProtobufBlockOutputFormatGenerator.java;NONE
/home/taes/taes/projects/elephant-bird/revisions/rev_b0d7a3e_6abbab9/rev_b0d7a3e-6abbab9/src/java/com/twitter/elephantbird/proto/codegen/LzoProtobufBlockInputFormatGenerator.java;NONE
/home/taes/taes/projects/elephant-bird/revisions/rev_b0d7a3e_6abbab9/rev_b0d7a3e-6abbab9/src/java/com/twitter/elephantbird/proto/codegen/LzoProtobufB64LineOutputFormatGenerator.java;NONE
/home/taes/taes/projects/elephant-bird/revisions/rev_b0d7a3e_6abbab9/rev_b0d7a3e-6abbab9/src/java/com/twitter/elephantbird/proto/codegen/LzoProtobufB64LineInputFormatGenerator.java;NONE
/home/taes/taes/projects/elephant-bird/revisions/rev_b0d7a3e_6abbab9/rev_b0d7a3e-6abbab9/src/java/com/twitter/elephantbird/pig/load/LzoProtobufB64LinePigLoader.java;NONE
/home/taes/taes/projects/elephant-bird/revisions/rev_b0d7a3e_6abbab9/rev_b0d7a3e-6abbab9/src/java/com/twitter/elephantbird/pig/piggybank/ProtobufBytesToTuple.java;NONE
/home/taes/taes/projects/elephant-bird/revisions/rev_b0d7a3e_6abbab9/rev_b0d7a3e-6abbab9/src/test/com/twitter/elephantbird/util/TestProtobufs.java;NONE
/home/taes/taes/projects/elephant-bird/revisions/rev_b0d7a3e_6abbab9/rev_b0d7a3e-6abbab9/src/test/com/twitter/elephantbird/util/TestProtobufs.java;NONE
/home/taes/taes/projects/elephant-bird/revisions/rev_b0d7a3e_6abbab9/rev_b0d7a3e-6abbab9/examples/src/gen-java/com/twitter/elephantbird/examples/proto/mapreduce/input/LzoPersonProtobufBlockInputFormat.java;YOURS
/home/taes/taes/projects/elephant-bird/revisions/rev_b0d7a3e_6abbab9/rev_b0d7a3e-6abbab9/examples/src/gen-java/com/twitter/elephantbird/examples/proto/mapreduce/input/LzoAddressBookProtobufB64LineInputFormat.java;YOURS
/home/taes/taes/projects/elephant-bird/revisions/rev_b0d7a3e_6abbab9/rev_b0d7a3e-6abbab9/examples/src/gen-java/com/twitter/elephantbird/examples/proto/mapreduce/input/LzoPersonProtobufB64LineInputFormat.java;YOURS
/home/taes/taes/projects/elephant-bird/revisions/rev_b0d7a3e_6abbab9/rev_b0d7a3e-6abbab9/examples/src/gen-java/com/twitter/elephantbird/examples/proto/mapreduce/input/LzoAddressBookProtobufBlockInputFormat.java;YOURS
/home/taes/taes/projects/elephant-bird/revisions/rev_b0d7a3e_6abbab9/rev_b0d7a3e-6abbab9/src/java/com/twitter/elephantbird/mapreduce/input/LzoProtobufB64LineInputFormat.java;MINE
/home/taes/taes/projects/elephant-bird/revisions/rev_b0d7a3e_6abbab9/rev_b0d7a3e-6abbab9/src/java/com/twitter/elephantbird/proto/codegen/LzoProtobufBlockOutputFormatGenerator.java;YOURS
/home/taes/taes/projects/elephant-bird/revisions/rev_b0d7a3e_6abbab9/rev_b0d7a3e-6abbab9/src/java/com/twitter/elephantbird/proto/codegen/LzoProtobufBlockInputFormatGenerator.java;YOURS
/home/taes/taes/projects/elephant-bird/revisions/rev_b0d7a3e_6abbab9/rev_b0d7a3e-6abbab9/src/java/com/twitter/elephantbird/proto/codegen/LzoProtobufBlockInputFormatGenerator.java;YOURS
/home/taes/taes/projects/elephant-bird/revisions/rev_b0d7a3e_6abbab9/rev_b0d7a3e-6abbab9/src/java/com/twitter/elephantbird/proto/codegen/LzoProtobufB64LineOutputFormatGenerator.java;YOURS
/home/taes/taes/projects/elephant-bird/revisions/rev_b0d7a3e_6abbab9/rev_b0d7a3e-6abbab9/src/java/com/twitter/elephantbird/proto/codegen/LzoProtobufB64LineInputFormatGenerator.java;YOURS
/home/taes/taes/projects/elephant-bird/revisions/rev_b0d7a3e_6abbab9/rev_b0d7a3e-6abbab9/src/java/com/twitter/elephantbird/proto/codegen/LzoProtobufB64LineInputFormatGenerator.java;YOURS
/home/taes/taes/projects/elephant-bird/revisions/rev_d5876bb_b813096/rev_d5876bb-b813096/src/java/com/twitter/elephantbird/mapreduce/output/LzoProtobufBlockOutputFormat.java;NONE
/home/taes/taes/projects/elephant-bird/revisions/rev_d5876bb_b813096/rev_d5876bb-b813096/src/java/com/twitter/elephantbird/mapreduce/output/LzoProtobufB64LineOutputFormat.java;NONE
/home/taes/taes/projects/jodd/revisions/rev_fa133ef_2e3ee1e/rev_fa133ef-2e3ee1e/jodd-core/src/main/java/jodd/util/Wildcard.java;NONE
/home/taes/taes/projects/jodd/revisions/rev_fa133ef_2e3ee1e/rev_fa133ef-2e3ee1e/jodd-core/src/main/java/jodd/util/Wildcard.java;NONE
/home/taes/taes/projects/jodd/revisions/rev_fa133ef_2e3ee1e/rev_fa133ef-2e3ee1e/jodd-core/src/main/java/jodd/util/Wildcard.java;NONE
/home/taes/taes/projects/jodd/revisions/rev_fa133ef_2e3ee1e/rev_fa133ef-2e3ee1e/jodd-core/src/main/java/jodd/util/Wildcard.java;NONE
/home/taes/taes/projects/jodd/revisions/rev_fa133ef_2e3ee1e/rev_fa133ef-2e3ee1e/jodd-core/src/main/java/jodd/util/Wildcard.java;NONE
/home/taes/taes/projects/elephant-bird/revisions/rev_1416fa5_839a574/rev_1416fa5-839a574/src/java/com/twitter/elephantbird/mapreduce/output/LzoProtobufBlockOutputFormat.java;NONE
/home/taes/taes/projects/elephant-bird/revisions/rev_1416fa5_839a574/rev_1416fa5-839a574/src/java/com/twitter/elephantbird/mapreduce/output/LzoProtobufBlockOutputFormat.java;NONE
/home/taes/taes/projects/elephant-bird/revisions/rev_1416fa5_839a574/rev_1416fa5-839a574/src/java/com/twitter/elephantbird/mapreduce/output/LzoProtobufB64LineOutputFormat.java;NONE
/home/taes/taes/projects/elephant-bird/revisions/rev_1416fa5_839a574/rev_1416fa5-839a574/src/java/com/twitter/elephantbird/mapreduce/output/LzoProtobufB64LineOutputFormat.java;NONE
/home/taes/taes/projects/elephant-bird/revisions/rev_1416fa5_839a574/rev_1416fa5-839a574/src/java/com/twitter/elephantbird/mapreduce/input/LzoProtobufB64LineInputFormat.java;NONE
/home/taes/taes/projects/elephant-bird/revisions/rev_1416fa5_839a574/rev_1416fa5-839a574/src/java/com/twitter/elephantbird/mapreduce/input/LzoProtobufB64LineInputFormat.java;NONE
/home/taes/taes/projects/elephant-bird/revisions/rev_1416fa5_839a574/rev_1416fa5-839a574/src/java/com/twitter/elephantbird/mapreduce/input/LzoProtobufB64LineInputFormat.java;NONE
/home/taes/taes/projects/elephant-bird/revisions/rev_1416fa5_839a574/rev_1416fa5-839a574/src/java/com/twitter/elephantbird/mapreduce/input/LzoProtobufBlockInputFormat.java;NONE
/home/taes/taes/projects/elephant-bird/revisions/rev_1416fa5_839a574/rev_1416fa5-839a574/src/java/com/twitter/elephantbird/mapreduce/input/LzoProtobufBlockInputFormat.java;NONE
/home/taes/taes/projects/elephant-bird/revisions/rev_1416fa5_839a574/rev_1416fa5-839a574/src/java/com/twitter/elephantbird/mapreduce/input/LzoProtobufBlockInputFormat.java;NONE
/home/taes/taes/projects/elephant-bird/revisions/rev_1416fa5_839a574/rev_1416fa5-839a574/src/java/com/twitter/elephantbird/mapreduce/input/LzoProtobufBlockRecordReader.java;NONE
/home/taes/taes/projects/elephant-bird/revisions/rev_1416fa5_839a574/rev_1416fa5-839a574/src/java/com/twitter/elephantbird/mapreduce/input/LzoProtobufBlockRecordReader.java;NONE
/home/taes/taes/projects/elephant-bird/revisions/rev_1416fa5_839a574/rev_1416fa5-839a574/src/java/com/twitter/elephantbird/mapreduce/input/LzoProtobufB64LineRecordReader.java;NONE
/home/taes/taes/projects/elephant-bird/revisions/rev_1416fa5_839a574/rev_1416fa5-839a574/src/java/com/twitter/elephantbird/mapreduce/io/ProtobufBlockWriter.java;NONE
/home/taes/taes/projects/elephant-bird/revisions/rev_1416fa5_839a574/rev_1416fa5-839a574/src/java/com/twitter/elephantbird/mapreduce/io/ProtobufBlockWriter.java;NONE
/home/taes/taes/projects/elephant-bird/revisions/rev_1416fa5_839a574/rev_1416fa5-839a574/src/java/com/twitter/elephantbird/mapreduce/io/ProtobufConverter.java;NONE
/home/taes/taes/projects/elephant-bird/revisions/rev_1416fa5_839a574/rev_1416fa5-839a574/src/java/com/twitter/elephantbird/mapreduce/io/ProtobufConverter.java;NONE
/home/taes/taes/projects/elephant-bird/revisions/rev_1416fa5_839a574/rev_1416fa5-839a574/src/java/com/twitter/elephantbird/mapreduce/io/ProtobufBlockReader.java;NONE
/home/taes/taes/projects/elephant-bird/revisions/rev_1416fa5_839a574/rev_1416fa5-839a574/src/java/com/twitter/elephantbird/proto/codegen/LzoProtobufBlockOutputFormatGenerator.java;NONE
/home/taes/taes/projects/elephant-bird/revisions/rev_1416fa5_839a574/rev_1416fa5-839a574/src/java/com/twitter/elephantbird/proto/codegen/LzoProtobufBlockInputFormatGenerator.java;NONE
/home/taes/taes/projects/elephant-bird/revisions/rev_1416fa5_839a574/rev_1416fa5-839a574/src/java/com/twitter/elephantbird/proto/codegen/LzoProtobufB64LineOutputFormatGenerator.java;NONE
/home/taes/taes/projects/elephant-bird/revisions/rev_1416fa5_839a574/rev_1416fa5-839a574/src/java/com/twitter/elephantbird/proto/codegen/LzoProtobufB64LineInputFormatGenerator.java;NONE
/home/taes/taes/projects/elephant-bird/revisions/rev_1416fa5_839a574/rev_1416fa5-839a574/src/java/com/twitter/elephantbird/pig/load/LzoProtobufB64LinePigLoader.java;NONE
/home/taes/taes/projects/elephant-bird/revisions/rev_1416fa5_839a574/rev_1416fa5-839a574/src/java/com/twitter/elephantbird/pig/piggybank/ProtobufBytesToTuple.java;NONE
/home/taes/taes/projects/elephant-bird/revisions/rev_1416fa5_839a574/rev_1416fa5-839a574/src/test/com/twitter/elephantbird/util/TestProtobufs.java;NONE
/home/taes/taes/projects/elephant-bird/revisions/rev_1416fa5_839a574/rev_1416fa5-839a574/src/test/com/twitter/elephantbird/util/TestProtobufs.java;NONE
/home/taes/taes/projects/elephant-bird/revisions/rev_1416fa5_839a574/rev_1416fa5-839a574/examples/src/gen-java/com/twitter/elephantbird/examples/proto/mapreduce/input/LzoPersonProtobufBlockInputFormat.java;YOURS
/home/taes/taes/projects/elephant-bird/revisions/rev_1416fa5_839a574/rev_1416fa5-839a574/examples/src/gen-java/com/twitter/elephantbird/examples/proto/mapreduce/input/LzoAddressBookProtobufB64LineInputFormat.java;YOURS
/home/taes/taes/projects/elephant-bird/revisions/rev_1416fa5_839a574/rev_1416fa5-839a574/examples/src/gen-java/com/twitter/elephantbird/examples/proto/mapreduce/input/LzoPersonProtobufB64LineInputFormat.java;YOURS
/home/taes/taes/projects/elephant-bird/revisions/rev_1416fa5_839a574/rev_1416fa5-839a574/examples/src/gen-java/com/twitter/elephantbird/examples/proto/mapreduce/input/LzoAddressBookProtobufBlockInputFormat.java;YOURS
/home/taes/taes/projects/elephant-bird/revisions/rev_1416fa5_839a574/rev_1416fa5-839a574/src/java/com/twitter/elephantbird/mapreduce/input/LzoProtobufB64LineInputFormat.java;MINE
/home/taes/taes/projects/elephant-bird/revisions/rev_1416fa5_839a574/rev_1416fa5-839a574/src/java/com/twitter/elephantbird/proto/codegen/LzoProtobufBlockOutputFormatGenerator.java;YOURS
/home/taes/taes/projects/elephant-bird/revisions/rev_1416fa5_839a574/rev_1416fa5-839a574/src/java/com/twitter/elephantbird/proto/codegen/LzoProtobufBlockInputFormatGenerator.java;YOURS
/home/taes/taes/projects/elephant-bird/revisions/rev_1416fa5_839a574/rev_1416fa5-839a574/src/java/com/twitter/elephantbird/proto/codegen/LzoProtobufBlockInputFormatGenerator.java;YOURS
/home/taes/taes/projects/elephant-bird/revisions/rev_1416fa5_839a574/rev_1416fa5-839a574/src/java/com/twitter/elephantbird/proto/codegen/LzoProtobufB64LineOutputFormatGenerator.java;YOURS
/home/taes/taes/projects/elephant-bird/revisions/rev_1416fa5_839a574/rev_1416fa5-839a574/src/java/com/twitter/elephantbird/proto/codegen/LzoProtobufB64LineInputFormatGenerator.java;YOURS
/home/taes/taes/projects/elephant-bird/revisions/rev_1416fa5_839a574/rev_1416fa5-839a574/src/java/com/twitter/elephantbird/proto/codegen/LzoProtobufB64LineInputFormatGenerator.java;YOURS
/home/taes/taes/projects/jodd/revisions/rev_7afb21f_a3241cf/rev_7afb21f-a3241cf/jodd-vtor/src/test/java/jodd/vtor/ManualTest.java;MINE
/home/taes/taes/projects/elephant-bird/revisions/rev_8d0b4a1_811f95b/rev_8d0b4a1-811f95b/src/java/com/twitter/elephantbird/mapreduce/input/LzoProtobufB64LineInputFormat.java;NONE
/home/taes/taes/projects/elephant-bird/revisions/rev_8d0b4a1_811f95b/rev_8d0b4a1-811f95b/src/java/com/twitter/elephantbird/mapreduce/input/LzoProtobufB64LineInputFormat.java;NONE
/home/taes/taes/projects/elephant-bird/revisions/rev_6c5529a_64bb16e/rev_6c5529a-64bb16e/src/java/com/twitter/elephantbird/pig/piggybank/ThriftToPig.java;NONE
/home/taes/taes/projects/elephant-bird/revisions/rev_6c5529a_64bb16e/rev_6c5529a-64bb16e/src/java/com/twitter/elephantbird/pig/piggybank/ThriftToPig.java;NONE
/home/taes/taes/projects/elephant-bird/revisions/rev_b87762a_3125301/rev_b87762a-3125301/src/java/com/twitter/elephantbird/mapreduce/input/LzoThriftB64LineInputFormat.java;NONE
/home/taes/taes/projects/elephant-bird/revisions/rev_b87762a_3125301/rev_b87762a-3125301/src/java/com/twitter/elephantbird/mapreduce/input/LzoThriftB64LineInputFormat.java;NONE
/home/taes/taes/projects/elephant-bird/revisions/rev_b87762a_3125301/rev_b87762a-3125301/src/java/com/twitter/elephantbird/mapreduce/output/LzoThriftB64LineOutputFormat.java;YOURS
/home/taes/taes/projects/curator/revisions/rev_b5a2a9f_0ca5859/rev_b5a2a9f-0ca5859/curator-framework/src/main/java/com/netflix/curator/framework/imps/CuratorFrameworkImpl.java;MINE
/home/taes/taes/projects/curator/revisions/rev_1ee1673_859a623/rev_1ee1673-859a623/curator-recipes/src/main/java/com/netflix/curator/framework/recipes/queue/DistributedQueue.java;NONE
/home/taes/taes/projects/curator/revisions/rev_1ee1673_859a623/rev_1ee1673-859a623/curator-recipes/src/main/java/com/netflix/curator/framework/recipes/queue/DistributedQueue.java;NONE
/home/taes/taes/projects/curator/revisions/rev_1ee1673_859a623/rev_1ee1673-859a623/curator-recipes/src/test/java/com/netflix/curator/framework/recipes/queue/TestQueueSharder.java;NONE
/home/taes/taes/projects/curator/revisions/rev_1ee1673_859a623/rev_1ee1673-859a623/curator-recipes/src/test/java/com/netflix/curator/framework/recipes/queue/TestQueueSharder.java;NONE
/home/taes/taes/projects/curator/revisions/rev_1ee1673_859a623/rev_1ee1673-859a623/curator-recipes/src/test/java/com/netflix/curator/framework/recipes/queue/TestQueueSharder.java;NONE
/home/taes/taes/projects/curator/revisions/rev_1ee1673_859a623/rev_1ee1673-859a623/curator-recipes/src/test/java/com/netflix/curator/framework/recipes/queue/TestQueueSharder.java;YOURS
/home/taes/taes/projects/curator/revisions/rev_1ee1673_859a623/rev_1ee1673-859a623/curator-recipes/src/test/java/com/netflix/curator/framework/recipes/queue/TestQueueSharder.java;MINE
/home/taes/taes/projects/curator/revisions/rev_1ee1673_859a623/rev_1ee1673-859a623/curator-recipes/src/test/java/com/netflix/curator/framework/recipes/queue/TestQueueSharder.java;MINE
/home/taes/taes/projects/jodd/revisions/rev_b29bb89_8ab7c2d/rev_b29bb89-8ab7c2d/jodd-core/src/main/java/jodd/util/BCrypt.java;NONE
/home/taes/taes/projects/jodd/revisions/rev_b29bb89_8ab7c2d/rev_b29bb89-8ab7c2d/jodd-core/src/main/java/jodd/util/BCrypt.java;NONE
/home/taes/taes/projects/elephant-bird/revisions/rev_110e154_738e6ce/rev_110e154-738e6ce/src/test/com/twitter/elephantbird/pig/piggybank/TestThriftToPig.java;NONE
/home/taes/taes/projects/elephant-bird/revisions/rev_110e154_738e6ce/rev_110e154-738e6ce/src/test/com/twitter/elephantbird/pig/piggybank/TestThriftToPig.java;NONE
/home/taes/taes/projects/elephant-bird/revisions/rev_110e154_738e6ce/rev_110e154-738e6ce/src/test/com/twitter/elephantbird/pig/piggybank/TestThriftToPig.java;NONE
/home/taes/taes/projects/elephant-bird/revisions/rev_110e154_738e6ce/rev_110e154-738e6ce/src/test/com/twitter/elephantbird/pig/piggybank/TestThriftToPig.java;NONE
/home/taes/taes/projects/elephant-bird/revisions/rev_110e154_738e6ce/rev_110e154-738e6ce/src/test/com/twitter/elephantbird/pig/piggybank/TestThriftToPig.java;NONE
/home/taes/taes/projects/elephant-bird/revisions/rev_4ece7ba_811018f/rev_4ece7ba-811018f/src/java/com/twitter/elephantbird/pig/util/ThriftToPig.java;NONE
/home/taes/taes/projects/elephant-bird/revisions/rev_27ceb0c_4353485/rev_27ceb0c-4353485/src/java/com/twitter/elephantbird/mapreduce/io/BinaryBlockWriter.java;NONE
/home/taes/taes/projects/ribbon/revisions/rev_a64b868_6e11c79/rev_a64b868-6e11c79/ribbon-core/src/main/java/com/netflix/client/AbstractLoadBalancerAwareClient.java;NONE
/home/taes/taes/projects/ribbon/revisions/rev_a64b868_6e11c79/rev_a64b868-6e11c79/ribbon-core/src/main/java/com/netflix/client/AbstractLoadBalancerAwareClient.java;NONE
/home/taes/taes/projects/ribbon/revisions/rev_a64b868_6e11c79/rev_a64b868-6e11c79/ribbon-core/src/main/java/com/netflix/client/AbstractLoadBalancerAwareClient.java;MINE
/home/taes/taes/projects/retrofit/revisions/rev_35b7257_838711b/rev_35b7257-838711b/http/src/main/java/retrofit/http/RestAdapter.java;NONE
/home/taes/taes/projects/retrofit/revisions/rev_35b7257_838711b/rev_35b7257-838711b/http/src/main/java/retrofit/http/RestAdapter.java;NONE
/home/taes/taes/projects/retrofit/revisions/rev_35b7257_838711b/rev_35b7257-838711b/http/src/main/java/retrofit/http/RestAdapter.java;NONE
/home/taes/taes/projects/retrofit/revisions/rev_35b7257_838711b/rev_35b7257-838711b/http/src/main/java/retrofit/http/RestAdapter.java;MINE
/home/taes/taes/projects/retrofit/revisions/rev_35b7257_838711b/rev_35b7257-838711b/http/src/main/java/retrofit/http/RestAdapter.java;YOURS
/home/taes/taes/projects/retrofit/revisions/rev_35b7257_838711b/rev_35b7257-838711b/http/src/test/java/retrofit/http/RestAdapterTest.java;MINE
/home/taes/taes/projects/retrofit/revisions/rev_35b7257_838711b/rev_35b7257-838711b/http/src/test/java/retrofit/http/RestAdapterTest.java;MINE
/home/taes/taes/projects/elephant-bird/revisions/rev_ed6d50d_1f0c02e/rev_ed6d50d-1f0c02e/src/java/com/twitter/elephantbird/util/Codecs.java;NONE
/home/taes/taes/projects/elephant-bird/revisions/rev_ed6d50d_1f0c02e/rev_ed6d50d-1f0c02e/src/java/com/twitter/elephantbird/util/Codecs.java;MINE
/home/taes/taes/projects/atlas/revisions/rev_a504c52_dd98861/rev_a504c52-dd98861/atlas-core/src/main/java/android/taobao/atlas/framework/bundlestorage/BundleArchive.java;NONE
/home/taes/taes/projects/atlas/revisions/rev_a504c52_dd98861/rev_a504c52-dd98861/atlas-core/src/main/java/android/taobao/atlas/framework/bundlestorage/BundleArchive.java;NONE
/home/taes/taes/projects/atlas/revisions/rev_a504c52_dd98861/rev_a504c52-dd98861/atlas-core/src/main/java/android/taobao/atlas/framework/BundleClassLoader.java;NONE
/home/taes/taes/projects/atlas/revisions/rev_a504c52_dd98861/rev_a504c52-dd98861/atlas-core/src/main/java/android/taobao/atlas/bundleInfo/BundleListing.java;NONE
/home/taes/taes/projects/atlas/revisions/rev_a504c52_dd98861/rev_a504c52-dd98861/atlas-core/src/main/java/android/taobao/atlas/bundleInfo/BundleListing.java;NONE
/home/taes/taes/projects/atlas/revisions/rev_a504c52_dd98861/rev_a504c52-dd98861/atlas-core/src/main/java/android/taobao/atlas/bundleInfo/BundleListing.java;NONE
/home/taes/taes/projects/atlas/revisions/rev_a504c52_dd98861/rev_a504c52-dd98861/atlas-core/src/main/java/android/taobao/atlas/framework/bundlestorage/BundleArchive.java;YOURS
/home/taes/taes/projects/atlas/revisions/rev_a504c52_dd98861/rev_a504c52-dd98861/atlas-core/src/main/java/android/taobao/atlas/framework/bundlestorage/BundleArchive.java;MINE
/home/taes/taes/projects/atlas/revisions/rev_8d5a4e8_cc2b800/rev_8d5a4e8-cc2b800/atlas-gradle-plugin/atlas-plugin/src/main/java/com/taobao/android/builder/tasks/app/merge/MergeManifestAwbsConfigAction.java;NONE
/home/taes/taes/projects/atlas/revisions/rev_8d5a4e8_cc2b800/rev_8d5a4e8-cc2b800/atlas-gradle-plugin/atlas-plugin/src/main/java/com/taobao/android/builder/tasks/tpatch/TPatchDiffApkBuildTask.java;NONE
/home/taes/taes/projects/atlas/revisions/rev_8d5a4e8_cc2b800/rev_8d5a4e8-cc2b800/atlas-gradle-plugin/atlas-plugin/src/main/java/com/taobao/android/builder/extension/MultiDexConfig.java;MINE
/home/taes/taes/projects/atlas/revisions/rev_8d5a4e8_cc2b800/rev_8d5a4e8-cc2b800/atlas-gradle-plugin/atlas-plugin/src/main/java/com/taobao/android/builder/manager/AtlasAppTaskManager.java;MINE
/home/taes/taes/projects/atlas/revisions/rev_8d5a4e8_cc2b800/rev_8d5a4e8-cc2b800/atlas-gradle-plugin/atlas-plugin/src/main/java/com/taobao/android/builder/manager/AtlasAppTaskManager.java;YOURS
/home/taes/taes/projects/atlas/revisions/rev_8d5a4e8_cc2b800/rev_8d5a4e8-cc2b800/atlas-gradle-plugin/atlas-plugin/src/main/java/com/taobao/android/builder/manager/AtlasAppTaskManager.java;MINE
/home/taes/taes/projects/ribbon/revisions/rev_1c246b4_f841ad0/rev_1c246b4-f841ad0/ribbon-httpclient/src/main/java/com/netflix/http4/NFHttpClient.java;NONE
/home/taes/taes/projects/ribbon/revisions/rev_1c246b4_f841ad0/rev_1c246b4-f841ad0/ribbon-httpclient/src/main/java/com/netflix/http4/NFHttpClient.java;NONE
/home/taes/taes/projects/ribbon/revisions/rev_1c246b4_f841ad0/rev_1c246b4-f841ad0/ribbon-httpclient/src/main/java/com/netflix/http4/NFHttpClient.java;NONE
/home/taes/taes/projects/ribbon/revisions/rev_1c246b4_f841ad0/rev_1c246b4-f841ad0/ribbon-httpclient/src/main/java/com/netflix/http4/NFHttpClient.java;NONE
/home/taes/taes/projects/ribbon/revisions/rev_1c246b4_f841ad0/rev_1c246b4-f841ad0/ribbon-httpclient/src/main/java/com/netflix/http4/NFHttpClient.java;NONE
/home/taes/taes/projects/ribbon/revisions/rev_1c246b4_f841ad0/rev_1c246b4-f841ad0/ribbon-httpclient/src/main/java/com/netflix/http4/NFHttpClient.java;NONE
/home/taes/taes/projects/ribbon/revisions/rev_1c246b4_f841ad0/rev_1c246b4-f841ad0/ribbon-httpclient/src/main/java/com/netflix/http4/NFHttpClient.java;NONE
/home/taes/taes/projects/ribbon/revisions/rev_1c246b4_f841ad0/rev_1c246b4-f841ad0/ribbon-httpclient/src/main/java/com/netflix/http4/NFHttpClient.java;NONE
/home/taes/taes/projects/ribbon/revisions/rev_1c246b4_f841ad0/rev_1c246b4-f841ad0/ribbon-httpclient/src/main/java/com/netflix/http4/NFHttpClient.java;NONE
/home/taes/taes/projects/ribbon/revisions/rev_1c246b4_f841ad0/rev_1c246b4-f841ad0/ribbon-httpclient/src/main/java/com/netflix/http4/NFHttpClient.java;NONE
/home/taes/taes/projects/ribbon/revisions/rev_1c246b4_f841ad0/rev_1c246b4-f841ad0/ribbon-httpclient/src/main/java/com/netflix/http4/NFHttpClient.java;NONE
/home/taes/taes/projects/ribbon/revisions/rev_1c246b4_f841ad0/rev_1c246b4-f841ad0/ribbon-httpclient/src/main/java/com/netflix/http4/NFHttpClient.java;NONE
/home/taes/taes/projects/ribbon/revisions/rev_1c246b4_f841ad0/rev_1c246b4-f841ad0/ribbon-httpclient/src/main/java/com/netflix/http4/NFHttpClient.java;NONE
/home/taes/taes/projects/ribbon/revisions/rev_1c246b4_f841ad0/rev_1c246b4-f841ad0/ribbon-httpclient/src/main/java/com/netflix/http4/NFHttpClientFactory.java;NONE
/home/taes/taes/projects/ribbon/revisions/rev_1c246b4_f841ad0/rev_1c246b4-f841ad0/ribbon-httpclient/src/main/java/com/netflix/http4/NFHttpClientFactory.java;NONE
/home/taes/taes/projects/ribbon/revisions/rev_1c246b4_f841ad0/rev_1c246b4-f841ad0/ribbon-httpclient/src/main/java/com/netflix/http4/NFHttpClientFactory.java;NONE
/home/taes/taes/projects/ribbon/revisions/rev_1c246b4_f841ad0/rev_1c246b4-f841ad0/ribbon-core/src/main/java/com/netflix/client/config/CommonClientConfigKey.java;NONE
/home/taes/taes/projects/ribbon/revisions/rev_1c246b4_f841ad0/rev_1c246b4-f841ad0/ribbon-core/src/main/java/com/netflix/client/LoadBalancerContext.java;MINE
/home/taes/taes/projects/ribbon/revisions/rev_1c246b4_f841ad0/rev_1c246b4-f841ad0/ribbon-httpclient/src/main/java/com/netflix/http4/NFHttpClient.java;MINE
/home/taes/taes/projects/ribbon/revisions/rev_1c246b4_f841ad0/rev_1c246b4-f841ad0/ribbon-httpclient/src/main/java/com/netflix/http4/NFHttpClientFactory.java;YOURS
/home/taes/taes/projects/elephant-bird/revisions/rev_ad562ae_130cfc6/rev_ad562ae-130cfc6/src/java/com/twitter/elephantbird/mapreduce/input/LzoRecordReader.java;NONE
/home/taes/taes/projects/elephant-bird/revisions/rev_ad562ae_130cfc6/rev_ad562ae-130cfc6/src/java/com/twitter/elephantbird/pig/store/LzoTokenizedStorage.java;NONE
/home/taes/taes/projects/elephant-bird/revisions/rev_ad562ae_130cfc6/rev_ad562ae-130cfc6/src/java/com/twitter/elephantbird/pig/load/LzoTokenizedLoader.java;NONE
/home/taes/taes/projects/elephant-bird/revisions/rev_ad562ae_130cfc6/rev_ad562ae-130cfc6/src/java/com/twitter/elephantbird/pig/load/LzoTokenizedLoader.java;NONE
/home/taes/taes/projects/elephant-bird/revisions/rev_ad562ae_130cfc6/rev_ad562ae-130cfc6/src/java/com/twitter/elephantbird/mapreduce/input/LzoInputFormat.java;YOURS
/home/taes/taes/projects/elephant-bird/revisions/rev_ad562ae_130cfc6/rev_ad562ae-130cfc6/src/java/com/twitter/elephantbird/pig/store/LzoTokenizedStorage.java;NONE
/home/taes/taes/projects/elephant-bird/revisions/rev_ad562ae_130cfc6/rev_ad562ae-130cfc6/src/java/com/twitter/elephantbird/pig/store/LzoTokenizedStorage.java;YOURS
/home/taes/taes/projects/elephant-bird/revisions/rev_ad562ae_130cfc6/rev_ad562ae-130cfc6/src/java/com/twitter/elephantbird/pig/load/LzoTokenizedLoader.java;YOURS
/home/taes/taes/projects/elephant-bird/revisions/rev_ad562ae_130cfc6/rev_ad562ae-130cfc6/src/java/com/twitter/elephantbird/pig/load/LzoTextLoader.java;MINE
/home/taes/taes/projects/archaius/revisions/rev_61eb7f8_8b0dddc/rev_61eb7f8-8b0dddc/archaius-core/src/main/java/com/netflix/config/DeploymentContext.java;NONE
/home/taes/taes/projects/atlas/revisions/rev_98ae4ea_9a79e22/rev_98ae4ea-9a79e22/atlas-core/src/main/java/android/taobao/atlas/startup/patch/KernalBundle.java;NONE
/home/taes/taes/projects/atlas/revisions/rev_98ae4ea_9a79e22/rev_98ae4ea-9a79e22/atlas-core/src/main/java/android/taobao/atlas/startup/patch/KernalBundle.java;MINE
/home/taes/taes/projects/ribbon/revisions/rev_7620032_42c3e4c/rev_7620032-42c3e4c/ribbon-httpclient/src/test/java/com/netflix/niws/client/http/RestClientTest.java;MINE
/home/taes/taes/projects/ribbon/revisions/rev_7620032_42c3e4c/rev_7620032-42c3e4c/ribbon-httpclient/src/test/java/com/netflix/niws/client/http/RestClientTest.java;YOURS
/home/taes/taes/projects/atlas/revisions/rev_4e151bd_ffb0907/rev_4e151bd-ffb0907/atlas-gradle-plugin/atlas-plugin/src/main/java/com/taobao/android/builder/tasks/tpatch/TPatchDiffResAPBuildTask.java;NONE
/home/taes/taes/projects/atlas/revisions/rev_4e151bd_ffb0907/rev_4e151bd-ffb0907/atlas-gradle-plugin/atlas-plugin/src/main/java/com/taobao/android/builder/tasks/tpatch/TPatchDiffResAPBuildTask.java;NONE
/home/taes/taes/projects/atlas/revisions/rev_4e151bd_ffb0907/rev_4e151bd-ffb0907/atlas-gradle-plugin/atlas-plugin/src/main/java/com/taobao/android/builder/tasks/tpatch/TPatchDiffResAPBuildTask.java;NONE
/home/taes/taes/projects/atlas/revisions/rev_4e151bd_ffb0907/rev_4e151bd-ffb0907/atlas-gradle-plugin/atlas-plugin/src/main/java/com/taobao/android/builder/tasks/tpatch/TPatchDiffResAPBuildTask.java;NONE
/home/taes/taes/projects/atlas/revisions/rev_4e151bd_ffb0907/rev_4e151bd-ffb0907/atlas-gradle-plugin/atlas-plugin/src/main/java/com/taobao/android/builder/tasks/tpatch/TPatchDiffResAPBuildTask.java;NONE
/home/taes/taes/projects/atlas/revisions/rev_4e151bd_ffb0907/rev_4e151bd-ffb0907/atlas-gradle-plugin/atlas-plugin/src/main/java/com/taobao/android/builder/tasks/tpatch/TPatchDiffResAPBuildTask.java;NONE
/home/taes/taes/projects/atlas/revisions/rev_4e151bd_ffb0907/rev_4e151bd-ffb0907/atlas-gradle-plugin/atlas-plugin/src/main/java/com/taobao/android/builder/tasks/tpatch/TPatchDiffResAPBuildTask.java;NONE
/home/taes/taes/projects/atlas/revisions/rev_4e151bd_ffb0907/rev_4e151bd-ffb0907/atlas-gradle-plugin/atlas-plugin/src/main/java/com/taobao/android/builder/tasks/tpatch/TPatchDiffResAPBuildTask.java;NONE
/home/taes/taes/projects/atlas/revisions/rev_4e151bd_ffb0907/rev_4e151bd-ffb0907/atlas-gradle-plugin/atlas-plugin/src/main/java/com/taobao/android/builder/tasks/tpatch/TPatchDiffResAPBuildTask.java;NONE
/home/taes/taes/projects/atlas/revisions/rev_4e151bd_ffb0907/rev_4e151bd-ffb0907/atlas-gradle-plugin/atlas-plugin/src/main/java/com/taobao/android/builder/tasks/tpatch/TPatchDiffResAPBuildTask.java;NONE
/home/taes/taes/projects/atlas/revisions/rev_4e151bd_ffb0907/rev_4e151bd-ffb0907/atlas-gradle-plugin/atlas-plugin/src/main/java/com/taobao/android/builder/tasks/tpatch/TPatchDiffResAPBuildTask.java;NONE
/home/taes/taes/projects/atlas/revisions/rev_4e151bd_ffb0907/rev_4e151bd-ffb0907/atlas-gradle-plugin/atlas-plugin/src/main/java/com/taobao/android/builder/tools/xml/XmlHelper.java;NONE
/home/taes/taes/projects/atlas/revisions/rev_4e151bd_ffb0907/rev_4e151bd-ffb0907/atlas-gradle-plugin/atlas-plugin/src/main/java/com/taobao/android/builder/tools/diff/DiffResExtractor.java;NONE
/home/taes/taes/projects/atlas/revisions/rev_4e151bd_ffb0907/rev_4e151bd-ffb0907/atlas-gradle-plugin/atlas-plugin/src/main/java/com/taobao/android/builder/tools/diff/DiffResExtractor.java;NONE
/home/taes/taes/projects/atlas/revisions/rev_4e151bd_ffb0907/rev_4e151bd-ffb0907/atlas-gradle-plugin/atlas-plugin/src/main/java/com/taobao/android/builder/tools/diff/DiffResExtractor.java;NONE
/home/taes/taes/projects/atlas/revisions/rev_4e151bd_ffb0907/rev_4e151bd-ffb0907/atlas-gradle-plugin/atlas-plugin/src/main/java/com/taobao/android/builder/tools/diff/DiffResExtractor.java;NONE
/home/taes/taes/projects/atlas/revisions/rev_4e151bd_ffb0907/rev_4e151bd-ffb0907/atlas-gradle-plugin/atlas-plugin/src/main/java/com/taobao/android/builder/tools/diff/DiffResExtractor.java;NONE
/home/taes/taes/projects/atlas/revisions/rev_4e151bd_ffb0907/rev_4e151bd-ffb0907/atlas-gradle-plugin/atlas-plugin/src/main/java/com/taobao/android/builder/tools/diff/DiffResExtractor.java;NONE
/home/taes/taes/projects/atlas/revisions/rev_4e151bd_ffb0907/rev_4e151bd-ffb0907/atlas-gradle-plugin/atlas-plugin/src/main/java/com/taobao/android/builder/extension/MultiDexConfig.java;NONE
/home/taes/taes/projects/atlas/revisions/rev_4e151bd_ffb0907/rev_4e151bd-ffb0907/atlas-gradle-plugin/atlas-plugin/src/main/java/com/taobao/android/builder/tools/diff/DiffResExtractor.java;MINE
/home/taes/taes/projects/ribbon/revisions/rev_b33a5ed_42c3e4c/rev_b33a5ed-42c3e4c/ribbon-core/src/main/java/com/netflix/client/config/CommonClientConfigKey.java;NONE
/home/taes/taes/projects/ribbon/revisions/rev_b33a5ed_42c3e4c/rev_b33a5ed-42c3e4c/ribbon-core/src/main/java/com/netflix/client/config/DefaultClientConfigImpl.java;NONE
/home/taes/taes/projects/ribbon/revisions/rev_b33a5ed_42c3e4c/rev_b33a5ed-42c3e4c/ribbon-httpclient/src/main/java/com/netflix/niws/client/http/RestClient.java;NONE
/home/taes/taes/projects/ribbon/revisions/rev_b33a5ed_42c3e4c/rev_b33a5ed-42c3e4c/ribbon-httpclient/src/main/java/com/netflix/niws/client/http/RestClient.java;NONE
/home/taes/taes/projects/atlas/revisions/rev_799f8e4_9f4a697/rev_799f8e4-9f4a697/atlas-gradle-plugin/dexpatch/src/main/java/com/taobao/android/apatch/ApkPatch.java;NONE
/home/taes/taes/projects/elephant-bird/revisions/rev_d005ea3_539efc9/rev_d005ea3-539efc9/src/java/com/twitter/elephantbird/util/Protobufs.java;NONE
/home/taes/taes/projects/elephant-bird/revisions/rev_d005ea3_539efc9/rev_d005ea3-539efc9/src/java/com/twitter/elephantbird/util/Protobufs.java;NONE
/home/taes/taes/projects/ribbon/revisions/rev_aebc2c4_89ee7d8/rev_aebc2c4-89ee7d8/ribbon-client-extensions/src/main/java/com/netflix/ribbonclientextensions/Ribbon.java;NONE
/home/taes/taes/projects/elephant-bird/revisions/rev_b784885_342f336/rev_b784885-342f336/src/java/com/twitter/elephantbird/pig/util/ThriftToPig.java;NONE
/home/taes/taes/projects/elephant-bird/revisions/rev_b784885_342f336/rev_b784885-342f336/src/java/com/twitter/elephantbird/pig/util/ThriftToPig.java;NONE
/home/taes/taes/projects/elephant-bird/revisions/rev_b784885_342f336/rev_b784885-342f336/src/java/com/twitter/elephantbird/pig/util/ThriftToPig.java;NONE
/home/taes/taes/projects/elephant-bird/revisions/rev_b784885_342f336/rev_b784885-342f336/src/java/com/twitter/elephantbird/pig/util/ThriftToPig.java;NONE
/home/taes/taes/projects/elephant-bird/revisions/rev_b784885_342f336/rev_b784885-342f336/src/java/com/twitter/elephantbird/pig/util/ThriftToPig.java;NONE
/home/taes/taes/projects/elephant-bird/revisions/rev_b784885_342f336/rev_b784885-342f336/src/java/com/twitter/elephantbird/pig/util/ThriftToPig.java;NONE
/home/taes/taes/projects/elephant-bird/revisions/rev_b784885_342f336/rev_b784885-342f336/src/java/com/twitter/elephantbird/pig/util/ThriftToPig.java;NONE
/home/taes/taes/projects/elephant-bird/revisions/rev_b784885_342f336/rev_b784885-342f336/src/java/com/twitter/elephantbird/pig/util/ThriftToPig.java;NONE
/home/taes/taes/projects/elephant-bird/revisions/rev_b784885_342f336/rev_b784885-342f336/src/java/com/twitter/elephantbird/pig/util/ThriftToPig.java;NONE
/home/taes/taes/projects/elephant-bird/revisions/rev_b784885_342f336/rev_b784885-342f336/src/java/com/twitter/elephantbird/pig/util/ThriftToPig.java;NONE
/home/taes/taes/projects/elephant-bird/revisions/rev_b784885_342f336/rev_b784885-342f336/src/java/com/twitter/elephantbird/pig/util/ThriftToPig.java;NONE
/home/taes/taes/projects/elephant-bird/revisions/rev_b784885_342f336/rev_b784885-342f336/src/java/com/twitter/elephantbird/pig/util/ThriftToPig.java;NONE
/home/taes/taes/projects/elephant-bird/revisions/rev_b784885_342f336/rev_b784885-342f336/src/java/com/twitter/elephantbird/pig/util/ProtobufTuple.java;NONE
/home/taes/taes/projects/elephant-bird/revisions/rev_b784885_342f336/rev_b784885-342f336/src/java/com/twitter/elephantbird/pig/load/LzoThriftB64LinePigLoader.java;NONE
/home/taes/taes/projects/elephant-bird/revisions/rev_b784885_342f336/rev_b784885-342f336/src/java/com/twitter/elephantbird/pig/load/LzoThriftBlockPigLoader.java;NONE
/home/taes/taes/projects/elephant-bird/revisions/rev_b784885_342f336/rev_b784885-342f336/src/java/com/twitter/elephantbird/pig/load/LzoProtobufBlockPigLoader.java;NONE
/home/taes/taes/projects/elephant-bird/revisions/rev_b784885_342f336/rev_b784885-342f336/src/java/com/twitter/elephantbird/pig/load/LzoProtobufB64LinePigLoader.java;NONE
/home/taes/taes/projects/elephant-bird/revisions/rev_b784885_342f336/rev_b784885-342f336/src/java/com/twitter/elephantbird/pig/util/PigToThrift.java;YOURS
/home/taes/taes/projects/elephant-bird/revisions/rev_b784885_342f336/rev_b784885-342f336/src/java/com/twitter/elephantbird/pig/util/ThriftToPig.java;MINE
/home/taes/taes/projects/elephant-bird/revisions/rev_b784885_342f336/rev_b784885-342f336/src/java/com/twitter/elephantbird/pig/util/ProtobufToPig.java;MINE
/home/taes/taes/projects/elephant-bird/revisions/rev_b784885_342f336/rev_b784885-342f336/src/java/com/twitter/elephantbird/pig/load/LzoThriftB64LinePigLoader.java;YOURS
/home/taes/taes/projects/elephant-bird/revisions/rev_b784885_342f336/rev_b784885-342f336/src/java/com/twitter/elephantbird/pig/load/LzoBaseLoadFunc.java;MINE
/home/taes/taes/projects/elephant-bird/revisions/rev_b784885_342f336/rev_b784885-342f336/src/test/com/twitter/elephantbird/pig/piggybank/TestProtoToPig.java;MINE
/home/taes/taes/projects/elephant-bird/revisions/rev_13f2963_3a82539/rev_13f2963-3a82539/src/java/com/twitter/elephantbird/cascading2/scheme/LzoTextDelimited.java;NONE
/home/taes/taes/projects/elephant-bird/revisions/rev_13f2963_3a82539/rev_13f2963-3a82539/src/java/com/twitter/elephantbird/cascading2/scheme/LzoTextLine.java;NONE
/home/taes/taes/projects/elephant-bird/revisions/rev_13f2963_3a82539/rev_13f2963-3a82539/src/java/com/twitter/elephantbird/mapred/output/DeprecatedLzoThriftB64LineOutputFormat.java;NONE
/home/taes/taes/projects/elephant-bird/revisions/rev_13f2963_3a82539/rev_13f2963-3a82539/src/java/com/twitter/elephantbird/mapred/output/DeprecatedLzoOutputFormat.java;NONE
/home/taes/taes/projects/curator/revisions/rev_74434b8_8cd8347/rev_74434b8-8cd8347/curator-framework/src/main/java/com/netflix/curator/framework/listen/ListenerContainer.java;NONE
/home/taes/taes/projects/curator/revisions/rev_74434b8_8cd8347/rev_74434b8-8cd8347/curator-framework/src/main/java/com/netflix/curator/framework/listen/ListenerContainer.java;NONE
/home/taes/taes/projects/curator/revisions/rev_d4c0be0_ff4ec29/rev_d4c0be0-ff4ec29/curator-framework/src/main/java/com/netflix/curator/framework/imps/CreateBuilderImpl.java;NONE
/home/taes/taes/projects/curator/revisions/rev_d4c0be0_ff4ec29/rev_d4c0be0-ff4ec29/curator-framework/src/main/java/com/netflix/curator/framework/imps/CuratorFrameworkImpl.java;NONE
/home/taes/taes/projects/curator/revisions/rev_d4c0be0_ff4ec29/rev_d4c0be0-ff4ec29/curator-framework/src/main/java/com/netflix/curator/framework/imps/CuratorFrameworkImpl.java;NONE
/home/taes/taes/projects/curator/revisions/rev_d4c0be0_ff4ec29/rev_d4c0be0-ff4ec29/curator-framework/src/main/java/com/netflix/curator/framework/imps/CuratorFrameworkImpl.java;NONE
/home/taes/taes/projects/elephant-bird/revisions/rev_723eb3c_11dfa53/rev_723eb3c-11dfa53/src/java/com/twitter/elephantbird/thrift/TStructDescriptor.java;NONE
/home/taes/taes/projects/archaius/revisions/rev_1ad0c78_5296b30/rev_1ad0c78-5296b30/archaius-core/src/main/java/com/netflix/config/DynamicStringSetProperty.java;NONE
/home/taes/taes/projects/archaius/revisions/rev_1ad0c78_5296b30/rev_1ad0c78-5296b30/archaius-core/src/main/java/com/netflix/config/DynamicStringSetProperty.java;NONE
/home/taes/taes/projects/archaius/revisions/rev_1ad0c78_5296b30/rev_1ad0c78-5296b30/archaius-core/src/main/java/com/netflix/config/DynamicStringSetProperty.java;YOURS
/home/taes/taes/projects/retrofit/revisions/rev_2ef7ca0_941ae85/rev_2ef7ca0-941ae85/retrofit/src/main/java/retrofit/http/RestMethodInfo.java;NONE
/home/taes/taes/projects/retrofit/revisions/rev_2ef7ca0_941ae85/rev_2ef7ca0-941ae85/retrofit/src/main/java/retrofit/http/RestMethodInfo.java;NONE
/home/taes/taes/projects/retrofit/revisions/rev_2ef7ca0_941ae85/rev_2ef7ca0-941ae85/retrofit/src/main/java/retrofit/http/RestMethodInfo.java;NONE
/home/taes/taes/projects/retrofit/revisions/rev_2ef7ca0_941ae85/rev_2ef7ca0-941ae85/retrofit/src/main/java/retrofit/http/RequestBuilder.java;NONE
/home/taes/taes/projects/retrofit/revisions/rev_2ef7ca0_941ae85/rev_2ef7ca0-941ae85/retrofit/src/main/java/retrofit/http/RequestBuilder.java;NONE
/home/taes/taes/projects/retrofit/revisions/rev_2ef7ca0_941ae85/rev_2ef7ca0-941ae85/retrofit/src/main/java/retrofit/http/RestAdapter.java;NONE
/home/taes/taes/projects/retrofit/revisions/rev_2ef7ca0_941ae85/rev_2ef7ca0-941ae85/retrofit/src/main/java/retrofit/http/RestAdapter.java;NONE
/home/taes/taes/projects/retrofit/revisions/rev_2ef7ca0_941ae85/rev_2ef7ca0-941ae85/retrofit/src/test/java/retrofit/http/RequestBuilderTest.java;NONE
/home/taes/taes/projects/retrofit/revisions/rev_2ef7ca0_941ae85/rev_2ef7ca0-941ae85/retrofit/src/main/java/retrofit/http/RestMethodInfo.java;NONE
/home/taes/taes/projects/retrofit/revisions/rev_2ef7ca0_941ae85/rev_2ef7ca0-941ae85/retrofit/src/main/java/retrofit/http/RequestBuilder.java;MINE
/home/taes/taes/projects/elephant-bird/revisions/rev_2e05eec_21dbeee/rev_2e05eec-21dbeee/src/java/com/twitter/elephantbird/util/ThriftUtils.java;NONE
/home/taes/taes/projects/elephant-bird/revisions/rev_a7db88d_d84d866/rev_a7db88d-d84d866/src/java/com/twitter/elephantbird/mapreduce/input/MultiInputFormat.java;NONE
/home/taes/taes/projects/elephant-bird/revisions/rev_a7db88d_d84d866/rev_a7db88d-d84d866/src/java/com/twitter/elephantbird/mapred/input/DeprecatedInputFormatWrapper.java;NONE
/home/taes/taes/projects/ribbon/revisions/rev_879cae7_4bd4aa3/rev_879cae7-4bd4aa3/ribbon/src/main/java/com/netflix/ribbon/proxy/MethodTemplateExecutor.java;NONE
/home/taes/taes/projects/ribbon/revisions/rev_879cae7_4bd4aa3/rev_879cae7-4bd4aa3/ribbon/src/main/java/com/netflix/ribbon/proxy/MethodTemplateExecutor.java;NONE
/home/taes/taes/projects/elephant-bird/revisions/rev_56e97f9_c1ca987/rev_56e97f9-c1ca987/rcfile/src/main/java/com/twitter/elephantbird/mapreduce/output/RCFileThriftOutputFormat.java;NONE
/home/taes/taes/projects/elephant-bird/revisions/rev_56e97f9_c1ca987/rev_56e97f9-c1ca987/rcfile/src/main/java/com/twitter/elephantbird/mapreduce/input/RCFileProtobufInputFormat.java;NONE
/home/taes/taes/projects/elephant-bird/revisions/rev_56e97f9_c1ca987/rev_56e97f9-c1ca987/rcfile/src/main/java/com/twitter/elephantbird/mapreduce/input/RCFileProtobufInputFormat.java;NONE
/home/taes/taes/projects/elephant-bird/revisions/rev_56e97f9_c1ca987/rev_56e97f9-c1ca987/core/src/main/java/com/twitter/elephantbird/util/ThriftToProto.java;MINE
/home/taes/taes/projects/elephant-bird/revisions/rev_56e97f9_c1ca987/rev_56e97f9-c1ca987/rcfile/src/main/java/com/twitter/elephantbird/mapreduce/output/RCFileProtobufOutputFormat.java;MINE
/home/taes/taes/projects/elephant-bird/revisions/rev_56e97f9_c1ca987/rev_56e97f9-c1ca987/rcfile/src/main/java/com/twitter/elephantbird/mapreduce/input/RCFileThriftInputFormat.java;MINE
/home/taes/taes/projects/elephant-bird/revisions/rev_56e97f9_c1ca987/rev_56e97f9-c1ca987/rcfile/src/main/java/com/twitter/elephantbird/mapreduce/input/RCFileProtobufInputFormat.java;MINE
/home/taes/taes/projects/elephant-bird/revisions/rev_6d28c12_2c0f0fe/rev_6d28c12-2c0f0fe/rcfile/src/main/java/com/twitter/elephantbird/mapreduce/input/RCFileProtobufInputFormat.java;NONE
/home/taes/taes/projects/elephant-bird/revisions/rev_c8c3348_ea96846/rev_c8c3348-ea96846/hadoop-compat/src/main/java/com/twitter/elephantbird/util/HadoopCompat.java;NONE
/home/taes/taes/projects/elephant-bird/revisions/rev_9f1257c_88aca05/rev_9f1257c-88aca05/core/src/main/java/com/twitter/elephantbird/mapreduce/input/LzoBinaryBlockRecordReader.java;NONE
/home/taes/taes/projects/elephant-bird/revisions/rev_9f1257c_88aca05/rev_9f1257c-88aca05/core/src/main/java/com/twitter/elephantbird/mapreduce/input/LzoBinaryBlockRecordReader.java;NONE
/home/taes/taes/projects/elephant-bird/revisions/rev_9f1257c_88aca05/rev_9f1257c-88aca05/core/src/main/java/com/twitter/elephantbird/mapreduce/io/BinaryBlockReader.java;NONE
