/home/taes/taes/projects/liferay-plugins/revisions/rev_fc5104c_379a202/rev_fc5104c-379a202/portlets/opensocial-portlet/docroot/WEB-INF/src/com/liferay/opensocial/gadget/portlet/BaseGadgetPortlet.java;ImportDeclaration
/home/taes/taes/projects/liferay-plugins/revisions/rev_fc5104c_379a202/rev_fc5104c-379a202/portlets/opensocial-portlet/docroot/WEB-INF/src/com/liferay/opensocial/gadget/portlet/BaseGadgetPortlet.java;ImportDeclaration
/home/taes/taes/projects/liferay-plugins/revisions/rev_fc5104c_379a202/rev_fc5104c-379a202/portlets/opensocial-portlet/docroot/WEB-INF/src/com/liferay/opensocial/gadget/portlet/BaseGadgetPortlet.java;ImportDeclaration
/home/taes/taes/projects/liferay-plugins/revisions/rev_fc5104c_379a202/rev_fc5104c-379a202/portlets/opensocial-portlet/docroot/WEB-INF/src/com/liferay/opensocial/gadget/portlet/BaseGadgetPortlet.java;ImportDeclaration
/home/taes/taes/projects/ribbon/revisions/rev_f1160f3_1e333eb/rev_f1160f3-1e333eb/ribbon-core/src/main/java/com/netflix/loadbalancer/BaseLoadBalancer.java;ImportDeclaration
/home/taes/taes/projects/ribbon/revisions/rev_f1160f3_1e333eb/rev_f1160f3-1e333eb/ribbon-core/src/main/java/com/netflix/loadbalancer/BaseLoadBalancer.java;ImportDeclaration
/home/taes/taes/projects/ribbon/revisions/rev_f1160f3_1e333eb/rev_f1160f3-1e333eb/ribbon-core/src/main/java/com/netflix/loadbalancer/AbstractLoadBalancer.java;ImportDeclaration
/home/taes/taes/projects/ribbon/revisions/rev_f1160f3_1e333eb/rev_f1160f3-1e333eb/ribbon-core/src/main/java/com/netflix/niws/client/AbstractLoadBalancerAwareClient.java;ImportDeclaration
/home/taes/taes/projects/ribbon/revisions/rev_f1160f3_1e333eb/rev_f1160f3-1e333eb/ribbon-core/src/main/java/com/netflix/niws/client/ClientFactory.java;ImportDeclaration
/home/taes/taes/projects/ribbon/revisions/rev_f1160f3_1e333eb/rev_f1160f3-1e333eb/ribbon-core/src/main/java/com/netflix/niws/client/PrimeConnections.java;ImportDeclaration
/home/taes/taes/projects/ribbon/revisions/rev_f1160f3_1e333eb/rev_f1160f3-1e333eb/ribbon-core/src/main/java/com/netflix/niws/client/DynamicServerListLoadBalancer.java;ImportDeclaration
/home/taes/taes/projects/ribbon/revisions/rev_f1160f3_1e333eb/rev_f1160f3-1e333eb/ribbon-core/src/main/java/com/netflix/niws/client/DynamicServerListLoadBalancer.java;ImportDeclaration
/home/taes/taes/projects/liferay-plugins/revisions/rev_fc5104c_379a202/rev_fc5104c-379a202/portlets/opensocial-portlet/docroot/WEB-INF/src/com/liferay/opensocial/gadget/portlet/BaseGadgetPortlet.java;ImportDeclaration
/home/taes/taes/projects/liferay-plugins/revisions/rev_fc5104c_379a202/rev_fc5104c-379a202/portlets/opensocial-portlet/docroot/WEB-INF/src/com/liferay/opensocial/gadget/portlet/BaseGadgetPortlet.java;ImportDeclaration
/home/taes/taes/projects/liferay-plugins/revisions/rev_fc5104c_379a202/rev_fc5104c-379a202/portlets/opensocial-portlet/docroot/WEB-INF/src/com/liferay/opensocial/gadget/portlet/BaseGadgetPortlet.java;ImportDeclaration
/home/taes/taes/projects/liferay-plugins/revisions/rev_fc5104c_379a202/rev_fc5104c-379a202/portlets/opensocial-portlet/docroot/WEB-INF/src/com/liferay/opensocial/gadget/portlet/BaseGadgetPortlet.java;ImportDeclaration
/home/taes/taes/projects/liferay-plugins/revisions/rev_c6d377e_010bf7b/rev_c6d377e-010bf7b/portlets/opensocial-portlet/docroot/WEB-INF/src/com/liferay/opensocial/editor/portlet/EditorPortlet.java;ImportDeclaration
/home/taes/taes/projects/liferay-plugins/revisions/rev_c6d377e_010bf7b/rev_c6d377e-010bf7b/portlets/opensocial-portlet/docroot/WEB-INF/src/com/liferay/opensocial/editor/portlet/EditorPortlet.java;FieldDeclaration
/home/taes/taes/projects/atlas/revisions/rev_9fc1590_1fa2d2a/rev_9fc1590-1fa2d2a/atlas-gradle-plugin/dexpatch/src/main/java/com/taobao/android/TPatchTool.java;ImportDeclaration
/home/taes/taes/projects/jodd/revisions/rev_7d88093_1943bcf/rev_7d88093-1943bcf/jodd-madvoc/src/main/java/jodd/madvoc/config/RouteMadvocConfigurator.java;ImportDeclaration
/home/taes/taes/projects/jodd/revisions/rev_7d88093_1943bcf/rev_7d88093-1943bcf/jodd-madvoc/src/main/java/jodd/madvoc/config/RouteMadvocConfigurator.java;ImportDeclaration
/home/taes/taes/projects/jodd/revisions/rev_7d88093_1943bcf/rev_7d88093-1943bcf/jodd-madvoc/src/main/java/jodd/madvoc/config/RouteMadvocConfigurator.java;FieldDeclaration
/home/taes/taes/projects/atlas/revisions/rev_c2e9822_9b24b0d/rev_c2e9822-9b24b0d/atlas-core/src/main/java/android/taobao/atlas/startup/AtlasBridgeApplication.java;ImportDeclaration
/home/taes/taes/projects/elephant-bird/revisions/rev_c01b27b_cebd3d0/rev_c01b27b-cebd3d0/src/java/com/twitter/elephantbird/mapreduce/output/LzoProtobufB64LineOutputFormat.java;ImportDeclaration
/home/taes/taes/projects/elephant-bird/revisions/rev_c01b27b_cebd3d0/rev_c01b27b-cebd3d0/src/java/com/twitter/elephantbird/mapreduce/output/LzoThriftB64LineOutputFormat.java;ImportDeclaration
/home/taes/taes/projects/elephant-bird/revisions/rev_c01b27b_cebd3d0/rev_c01b27b-cebd3d0/src/java/com/twitter/elephantbird/mapreduce/output/LzoThriftB64LineOutputFormat.java;ImportDeclaration
/home/taes/taes/projects/elephant-bird/revisions/rev_c01b27b_cebd3d0/rev_c01b27b-cebd3d0/src/java/com/twitter/elephantbird/mapreduce/input/LzoThriftB64LineInputFormat.java;ImportDeclaration
/home/taes/taes/projects/elephant-bird/revisions/rev_c01b27b_cebd3d0/rev_c01b27b-cebd3d0/src/java/com/twitter/elephantbird/mapreduce/input/LzoThriftB64LineInputFormat.java;ImportDeclaration
/home/taes/taes/projects/elephant-bird/revisions/rev_c01b27b_cebd3d0/rev_c01b27b-cebd3d0/src/java/com/twitter/elephantbird/mapreduce/input/LzoThriftB64LineRecordReader.java;ImportDeclaration
/home/taes/taes/projects/elephant-bird/revisions/rev_8eed34e_cebd3d0/rev_8eed34e-cebd3d0/examples/src/gen-java/com/twitter/elephantbird/examples/proto/mapreduce/io/ProtobufPersonWritable.java;ConstructorDeclaration
/home/taes/taes/projects/elephant-bird/revisions/rev_8eed34e_cebd3d0/rev_8eed34e-cebd3d0/examples/src/gen-java/com/twitter/elephantbird/examples/proto/mapreduce/io/ProtobufAddressBookWritable.java;ConstructorDeclaration
/home/taes/taes/projects/elephant-bird/revisions/rev_8eed34e_cebd3d0/rev_8eed34e-cebd3d0/src/java/com/twitter/elephantbird/mapreduce/output/LzoProtobufBlockOutputFormat.java;ImportDeclaration
/home/taes/taes/projects/elephant-bird/revisions/rev_8eed34e_cebd3d0/rev_8eed34e-cebd3d0/src/java/com/twitter/elephantbird/mapreduce/output/LzoProtobufBlockOutputFormat.java;ImportDeclaration
/home/taes/taes/projects/elephant-bird/revisions/rev_8eed34e_cebd3d0/rev_8eed34e-cebd3d0/src/java/com/twitter/elephantbird/mapreduce/output/LzoProtobufBlockOutputFormat.java;ImportDeclaration
/home/taes/taes/projects/elephant-bird/revisions/rev_8eed34e_cebd3d0/rev_8eed34e-cebd3d0/src/java/com/twitter/elephantbird/mapreduce/output/LzoProtobufBlockOutputFormat.java;ImportDeclaration
/home/taes/taes/projects/elephant-bird/revisions/rev_8eed34e_cebd3d0/rev_8eed34e-cebd3d0/src/java/com/twitter/elephantbird/mapreduce/output/LzoProtobufB64LineOutputFormat.java;ImportDeclaration
/home/taes/taes/projects/elephant-bird/revisions/rev_8eed34e_cebd3d0/rev_8eed34e-cebd3d0/src/java/com/twitter/elephantbird/mapreduce/output/LzoProtobufB64LineOutputFormat.java;ImportDeclaration
/home/taes/taes/projects/elephant-bird/revisions/rev_8eed34e_cebd3d0/rev_8eed34e-cebd3d0/src/java/com/twitter/elephantbird/mapreduce/output/LzoProtobufB64LineOutputFormat.java;ImportDeclaration
/home/taes/taes/projects/elephant-bird/revisions/rev_8eed34e_cebd3d0/rev_8eed34e-cebd3d0/src/java/com/twitter/elephantbird/mapreduce/output/LzoProtobufB64LineOutputFormat.java;ImportDeclaration
/home/taes/taes/projects/elephant-bird/revisions/rev_8eed34e_cebd3d0/rev_8eed34e-cebd3d0/src/java/com/twitter/elephantbird/mapreduce/output/LzoThriftB64LineOutputFormat.java;ImportDeclaration
/home/taes/taes/projects/elephant-bird/revisions/rev_8eed34e_cebd3d0/rev_8eed34e-cebd3d0/src/java/com/twitter/elephantbird/mapreduce/output/LzoThriftB64LineOutputFormat.java;ImportDeclaration
/home/taes/taes/projects/elephant-bird/revisions/rev_8eed34e_cebd3d0/rev_8eed34e-cebd3d0/src/java/com/twitter/elephantbird/mapreduce/output/LzoThriftB64LineOutputFormat.java;ImportDeclaration
/home/taes/taes/projects/elephant-bird/revisions/rev_8eed34e_cebd3d0/rev_8eed34e-cebd3d0/src/java/com/twitter/elephantbird/mapreduce/output/LzoThriftB64LineOutputFormat.java;ImportDeclaration
/home/taes/taes/projects/elephant-bird/revisions/rev_8eed34e_cebd3d0/rev_8eed34e-cebd3d0/src/java/com/twitter/elephantbird/mapreduce/output/LzoThriftB64LineOutputFormat.java;ImportDeclaration
/home/taes/taes/projects/elephant-bird/revisions/rev_8eed34e_cebd3d0/rev_8eed34e-cebd3d0/src/java/com/twitter/elephantbird/mapreduce/input/LzoProtobufB64LineInputFormat.java;ImportDeclaration
/home/taes/taes/projects/elephant-bird/revisions/rev_8eed34e_cebd3d0/rev_8eed34e-cebd3d0/src/java/com/twitter/elephantbird/mapreduce/input/LzoProtobufB64LineInputFormat.java;FieldDeclaration
/home/taes/taes/projects/elephant-bird/revisions/rev_8eed34e_cebd3d0/rev_8eed34e-cebd3d0/src/java/com/twitter/elephantbird/mapreduce/input/LzoProtobufBlockInputFormat.java;ImportDeclaration
/home/taes/taes/projects/elephant-bird/revisions/rev_8eed34e_cebd3d0/rev_8eed34e-cebd3d0/src/java/com/twitter/elephantbird/mapreduce/input/LzoProtobufBlockInputFormat.java;FieldDeclaration
/home/taes/taes/projects/elephant-bird/revisions/rev_8eed34e_cebd3d0/rev_8eed34e-cebd3d0/src/java/com/twitter/elephantbird/mapreduce/input/LzoProtobufBlockRecordReader.java;ImportDeclaration
/home/taes/taes/projects/elephant-bird/revisions/rev_8eed34e_cebd3d0/rev_8eed34e-cebd3d0/src/java/com/twitter/elephantbird/mapreduce/input/LzoProtobufBlockRecordReader.java;ImportDeclaration
/home/taes/taes/projects/elephant-bird/revisions/rev_8eed34e_cebd3d0/rev_8eed34e-cebd3d0/src/java/com/twitter/elephantbird/mapreduce/input/LzoProtobufBlockRecordReader.java;FieldDeclaration
/home/taes/taes/projects/elephant-bird/revisions/rev_8eed34e_cebd3d0/rev_8eed34e-cebd3d0/src/java/com/twitter/elephantbird/mapreduce/input/LzoThriftB64LineInputFormat.java;ImportDeclaration
/home/taes/taes/projects/elephant-bird/revisions/rev_8eed34e_cebd3d0/rev_8eed34e-cebd3d0/src/java/com/twitter/elephantbird/mapreduce/input/LzoThriftB64LineInputFormat.java;ImportDeclaration
/home/taes/taes/projects/elephant-bird/revisions/rev_8eed34e_cebd3d0/rev_8eed34e-cebd3d0/src/java/com/twitter/elephantbird/mapreduce/input/LzoThriftB64LineRecordReader.java;ImportDeclaration
/home/taes/taes/projects/elephant-bird/revisions/rev_8eed34e_cebd3d0/rev_8eed34e-cebd3d0/src/java/com/twitter/elephantbird/mapreduce/input/LzoThriftB64LineRecordReader.java;ImportDeclaration
/home/taes/taes/projects/elephant-bird/revisions/rev_8eed34e_cebd3d0/rev_8eed34e-cebd3d0/src/java/com/twitter/elephantbird/mapreduce/input/LzoProtobufB64LineRecordReader.java;ImportDeclaration
/home/taes/taes/projects/elephant-bird/revisions/rev_8eed34e_cebd3d0/rev_8eed34e-cebd3d0/src/java/com/twitter/elephantbird/mapreduce/input/LzoProtobufB64LineRecordReader.java;ImportDeclaration
/home/taes/taes/projects/elephant-bird/revisions/rev_8eed34e_cebd3d0/rev_8eed34e-cebd3d0/src/java/com/twitter/elephantbird/mapreduce/input/LzoProtobufB64LineRecordReader.java;ImportDeclaration
/home/taes/taes/projects/elephant-bird/revisions/rev_8eed34e_cebd3d0/rev_8eed34e-cebd3d0/src/java/com/twitter/elephantbird/mapreduce/input/LzoProtobufB64LineRecordReader.java;ImportDeclaration
/home/taes/taes/projects/elephant-bird/revisions/rev_8eed34e_cebd3d0/rev_8eed34e-cebd3d0/src/java/com/twitter/elephantbird/mapreduce/input/LzoGenericProtobufBlockInputFormat.java;FieldDeclaration
/home/taes/taes/projects/elephant-bird/revisions/rev_8eed34e_cebd3d0/rev_8eed34e-cebd3d0/src/java/com/twitter/elephantbird/mapreduce/input/LzoInputFormat.java;FieldDeclaration
/home/taes/taes/projects/elephant-bird/revisions/rev_8eed34e_cebd3d0/rev_8eed34e-cebd3d0/src/java/com/twitter/elephantbird/mapreduce/input/LzoInputFormat.java;FieldDeclaration
/home/taes/taes/projects/elephant-bird/revisions/rev_8eed34e_cebd3d0/rev_8eed34e-cebd3d0/src/java/com/twitter/elephantbird/mapreduce/input/LzoInputFormat.java;FieldDeclaration
/home/taes/taes/projects/elephant-bird/revisions/rev_8eed34e_cebd3d0/rev_8eed34e-cebd3d0/src/java/com/twitter/elephantbird/mapreduce/input/LzoInputFormat.java;FieldDeclaration
/home/taes/taes/projects/elephant-bird/revisions/rev_8eed34e_cebd3d0/rev_8eed34e-cebd3d0/src/java/com/twitter/elephantbird/mapreduce/io/ProtobufWritable.java;ImportDeclaration
/home/taes/taes/projects/elephant-bird/revisions/rev_8eed34e_cebd3d0/rev_8eed34e-cebd3d0/src/java/com/twitter/elephantbird/mapreduce/io/ProtobufWritable.java;ImportDeclaration
/home/taes/taes/projects/elephant-bird/revisions/rev_8eed34e_cebd3d0/rev_8eed34e-cebd3d0/src/java/com/twitter/elephantbird/mapreduce/io/ProtobufWritable.java;ImportDeclaration
/home/taes/taes/projects/elephant-bird/revisions/rev_8eed34e_cebd3d0/rev_8eed34e-cebd3d0/src/java/com/twitter/elephantbird/mapreduce/io/ProtobufWritable.java;FieldDeclaration
/home/taes/taes/projects/elephant-bird/revisions/rev_8eed34e_cebd3d0/rev_8eed34e-cebd3d0/src/java/com/twitter/elephantbird/mapreduce/io/ProtobufBlockWriter.java;ImportDeclaration
/home/taes/taes/projects/elephant-bird/revisions/rev_8eed34e_cebd3d0/rev_8eed34e-cebd3d0/src/java/com/twitter/elephantbird/mapreduce/io/ProtobufBlockWriter.java;ImportDeclaration
/home/taes/taes/projects/elephant-bird/revisions/rev_8eed34e_cebd3d0/rev_8eed34e-cebd3d0/src/java/com/twitter/elephantbird/mapreduce/io/ProtobufBlockWriter.java;ImportDeclaration
/home/taes/taes/projects/elephant-bird/revisions/rev_8eed34e_cebd3d0/rev_8eed34e-cebd3d0/src/java/com/twitter/elephantbird/mapreduce/io/ProtobufBlockWriter.java;MethodDeclaration
/home/taes/taes/projects/elephant-bird/revisions/rev_8eed34e_cebd3d0/rev_8eed34e-cebd3d0/src/java/com/twitter/elephantbird/mapreduce/io/ProtobufBlockReader.java;ImportDeclaration
/home/taes/taes/projects/elephant-bird/revisions/rev_8eed34e_cebd3d0/rev_8eed34e-cebd3d0/src/java/com/twitter/elephantbird/mapreduce/io/ProtobufBlockReader.java;ImportDeclaration
/home/taes/taes/projects/elephant-bird/revisions/rev_8eed34e_cebd3d0/rev_8eed34e-cebd3d0/src/java/com/twitter/elephantbird/mapreduce/io/ProtobufBlockReader.java;ImportDeclaration
/home/taes/taes/projects/elephant-bird/revisions/rev_8eed34e_cebd3d0/rev_8eed34e-cebd3d0/src/java/com/twitter/elephantbird/mapreduce/io/ProtobufBlockReader.java;FieldDeclaration
/home/taes/taes/projects/elephant-bird/revisions/rev_8eed34e_cebd3d0/rev_8eed34e-cebd3d0/src/java/com/twitter/elephantbird/pig/store/LzoProtobufB64LinePigStorage.java;ImportDeclaration
/home/taes/taes/projects/elephant-bird/revisions/rev_8eed34e_cebd3d0/rev_8eed34e-cebd3d0/src/java/com/twitter/elephantbird/pig/store/LzoProtobufB64LinePigStorage.java;ImportDeclaration
/home/taes/taes/projects/elephant-bird/revisions/rev_8eed34e_cebd3d0/rev_8eed34e-cebd3d0/src/java/com/twitter/elephantbird/pig/util/ProtobufToPig.java;ImportDeclaration
/home/taes/taes/projects/elephant-bird/revisions/rev_8eed34e_cebd3d0/rev_8eed34e-cebd3d0/src/java/com/twitter/elephantbird/pig/util/PigCounterHelper.java;FieldDeclaration
/home/taes/taes/projects/elephant-bird/revisions/rev_8eed34e_cebd3d0/rev_8eed34e-cebd3d0/src/java/com/twitter/elephantbird/pig/load/LzoBaseLoadFunc.java;ImportDeclaration
/home/taes/taes/projects/elephant-bird/revisions/rev_8eed34e_cebd3d0/rev_8eed34e-cebd3d0/src/java/com/twitter/elephantbird/pig/load/LzoProtobufBlockPigLoader.java;ImportDeclaration
/home/taes/taes/projects/elephant-bird/revisions/rev_8eed34e_cebd3d0/rev_8eed34e-cebd3d0/src/java/com/twitter/elephantbird/pig/load/LzoProtobufBlockPigLoader.java;ImportDeclaration
/home/taes/taes/projects/elephant-bird/revisions/rev_8eed34e_cebd3d0/rev_8eed34e-cebd3d0/src/java/com/twitter/elephantbird/pig/load/LzoProtobufBlockPigLoader.java;ImportDeclaration
/home/taes/taes/projects/elephant-bird/revisions/rev_8eed34e_cebd3d0/rev_8eed34e-cebd3d0/src/java/com/twitter/elephantbird/pig/load/LzoProtobufB64LinePigLoader.java;ImportDeclaration
/home/taes/taes/projects/elephant-bird/revisions/rev_8eed34e_cebd3d0/rev_8eed34e-cebd3d0/src/java/com/twitter/elephantbird/pig/load/LzoProtobufB64LinePigLoader.java;ImportDeclaration
/home/taes/taes/projects/elephant-bird/revisions/rev_8eed34e_cebd3d0/rev_8eed34e-cebd3d0/src/java/com/twitter/elephantbird/pig/load/LzoProtobufB64LinePigLoader.java;ImportDeclaration
/home/taes/taes/projects/elephant-bird/revisions/rev_8eed34e_cebd3d0/rev_8eed34e-cebd3d0/src/java/com/twitter/elephantbird/pig/piggybank/BytesToThriftTuple.java;FieldDeclaration
/home/taes/taes/projects/elephant-bird/revisions/rev_8eed34e_cebd3d0/rev_8eed34e-cebd3d0/src/java/com/twitter/elephantbird/pig/piggybank/BytesToThriftTuple.java;FieldDeclaration
/home/taes/taes/projects/elephant-bird/revisions/rev_8eed34e_cebd3d0/rev_8eed34e-cebd3d0/src/test/com/twitter/elephantbird/pig/piggybank/TestThriftToPig.java;ImportDeclaration
/home/taes/taes/projects/elephant-bird/revisions/rev_8eed34e_cebd3d0/rev_8eed34e-cebd3d0/src/test/com/twitter/elephantbird/pig/piggybank/TestThriftToPig.java;ImportDeclaration
/home/taes/taes/projects/elephant-bird/revisions/rev_8eed34e_cebd3d0/rev_8eed34e-cebd3d0/src/test/com/twitter/elephantbird/pig/piggybank/TestThriftToPig.java;ImportDeclaration
/home/taes/taes/projects/elephant-bird/revisions/rev_8eed34e_cebd3d0/rev_8eed34e-cebd3d0/src/test/com/twitter/elephantbird/pig/piggybank/TestThriftToPig.java;ImportDeclaration
/home/taes/taes/projects/elephant-bird/revisions/rev_8eed34e_cebd3d0/rev_8eed34e-cebd3d0/src/test/com/twitter/elephantbird/pig/piggybank/TestThriftToPig.java;MethodDeclaration
/home/taes/taes/projects/elephant-bird/revisions/rev_b0d7a3e_6abbab9/rev_b0d7a3e-6abbab9/examples/src/gen-java/com/twitter/elephantbird/examples/proto/mapreduce/output/LzoAddressBookProtobufBlockOutputFormat.java;ImportDeclaration
/home/taes/taes/projects/elephant-bird/revisions/rev_b0d7a3e_6abbab9/rev_b0d7a3e-6abbab9/examples/src/gen-java/com/twitter/elephantbird/examples/proto/mapreduce/output/LzoAddressBookProtobufB64LineOutputFormat.java;ImportDeclaration
/home/taes/taes/projects/elephant-bird/revisions/rev_b0d7a3e_6abbab9/rev_b0d7a3e-6abbab9/examples/src/gen-java/com/twitter/elephantbird/examples/proto/mapreduce/output/LzoPersonProtobufBlockOutputFormat.java;ImportDeclaration
/home/taes/taes/projects/elephant-bird/revisions/rev_b0d7a3e_6abbab9/rev_b0d7a3e-6abbab9/examples/src/gen-java/com/twitter/elephantbird/examples/proto/mapreduce/output/LzoPersonProtobufB64LineOutputFormat.java;ImportDeclaration
/home/taes/taes/projects/elephant-bird/revisions/rev_b0d7a3e_6abbab9/rev_b0d7a3e-6abbab9/examples/src/gen-java/com/twitter/elephantbird/examples/proto/mapreduce/input/LzoPersonProtobufBlockInputFormat.java;ImportDeclaration
/home/taes/taes/projects/elephant-bird/revisions/rev_b0d7a3e_6abbab9/rev_b0d7a3e-6abbab9/examples/src/gen-java/com/twitter/elephantbird/examples/proto/mapreduce/input/LzoAddressBookProtobufB64LineInputFormat.java;ImportDeclaration
/home/taes/taes/projects/elephant-bird/revisions/rev_b0d7a3e_6abbab9/rev_b0d7a3e-6abbab9/examples/src/gen-java/com/twitter/elephantbird/examples/proto/mapreduce/input/LzoPersonProtobufB64LineInputFormat.java;ImportDeclaration
/home/taes/taes/projects/elephant-bird/revisions/rev_b0d7a3e_6abbab9/rev_b0d7a3e-6abbab9/examples/src/gen-java/com/twitter/elephantbird/examples/proto/mapreduce/input/LzoAddressBookProtobufBlockInputFormat.java;ImportDeclaration
/home/taes/taes/projects/elephant-bird/revisions/rev_b0d7a3e_6abbab9/rev_b0d7a3e-6abbab9/src/java/com/twitter/elephantbird/util/Protobufs.java;ImportDeclaration
/home/taes/taes/projects/elephant-bird/revisions/rev_b0d7a3e_6abbab9/rev_b0d7a3e-6abbab9/src/java/com/twitter/elephantbird/mapreduce/output/LzoProtobufBlockOutputFormat.java;ImportDeclaration
/home/taes/taes/projects/elephant-bird/revisions/rev_b0d7a3e_6abbab9/rev_b0d7a3e-6abbab9/src/java/com/twitter/elephantbird/mapreduce/output/LzoProtobufBlockOutputFormat.java;ImportDeclaration
/home/taes/taes/projects/elephant-bird/revisions/rev_b0d7a3e_6abbab9/rev_b0d7a3e-6abbab9/src/java/com/twitter/elephantbird/mapreduce/output/LzoProtobufB64LineOutputFormat.java;ImportDeclaration
/home/taes/taes/projects/elephant-bird/revisions/rev_b0d7a3e_6abbab9/rev_b0d7a3e-6abbab9/src/java/com/twitter/elephantbird/mapreduce/output/LzoProtobufB64LineOutputFormat.java;ImportDeclaration
/home/taes/taes/projects/elephant-bird/revisions/rev_b0d7a3e_6abbab9/rev_b0d7a3e-6abbab9/src/java/com/twitter/elephantbird/mapreduce/output/LzoProtobufB64LineOutputFormat.java;ImportDeclaration
/home/taes/taes/projects/elephant-bird/revisions/rev_b0d7a3e_6abbab9/rev_b0d7a3e-6abbab9/src/java/com/twitter/elephantbird/mapreduce/input/LzoProtobufB64LineInputFormat.java;ImportDeclaration
/home/taes/taes/projects/elephant-bird/revisions/rev_b0d7a3e_6abbab9/rev_b0d7a3e-6abbab9/src/java/com/twitter/elephantbird/mapreduce/input/LzoProtobufB64LineInputFormat.java;ImportDeclaration
/home/taes/taes/projects/elephant-bird/revisions/rev_b0d7a3e_6abbab9/rev_b0d7a3e-6abbab9/src/java/com/twitter/elephantbird/mapreduce/input/LzoProtobufB64LineInputFormat.java;FieldDeclaration
/home/taes/taes/projects/elephant-bird/revisions/rev_b0d7a3e_6abbab9/rev_b0d7a3e-6abbab9/src/java/com/twitter/elephantbird/mapreduce/input/LzoProtobufBlockInputFormat.java;ImportDeclaration
/home/taes/taes/projects/elephant-bird/revisions/rev_b0d7a3e_6abbab9/rev_b0d7a3e-6abbab9/src/java/com/twitter/elephantbird/mapreduce/input/LzoProtobufBlockInputFormat.java;ImportDeclaration
/home/taes/taes/projects/elephant-bird/revisions/rev_b0d7a3e_6abbab9/rev_b0d7a3e-6abbab9/src/java/com/twitter/elephantbird/mapreduce/input/LzoProtobufBlockInputFormat.java;FieldDeclaration
/home/taes/taes/projects/elephant-bird/revisions/rev_b0d7a3e_6abbab9/rev_b0d7a3e-6abbab9/src/java/com/twitter/elephantbird/pig/load/LzoProtobufBlockPigLoader.java;ConstructorDeclaration
/home/taes/taes/projects/elephant-bird/revisions/rev_b0d7a3e_6abbab9/rev_b0d7a3e-6abbab9/src/java/com/twitter/elephantbird/pig/load/LzoProtobufB64LinePigLoader.java;ImportDeclaration
/home/taes/taes/projects/elephant-bird/revisions/rev_b0d7a3e_6abbab9/rev_b0d7a3e-6abbab9/src/java/com/twitter/elephantbird/pig/load/LzoProtobufB64LinePigLoader.java;FieldDeclaration
/home/taes/taes/projects/elephant-bird/revisions/rev_b0d7a3e_6abbab9/rev_b0d7a3e-6abbab9/src/java/com/twitter/elephantbird/pig/load/LzoProtobufB64LinePigLoader.java;ConstructorDeclaration
/home/taes/taes/projects/elephant-bird/revisions/rev_b0d7a3e_6abbab9/rev_b0d7a3e-6abbab9/src/java/com/twitter/elephantbird/pig/load/LzoProtobufB64LinePigLoader.java;FieldDeclaration
/home/taes/taes/projects/elephant-bird/revisions/rev_b0d7a3e_6abbab9/rev_b0d7a3e-6abbab9/src/java/com/twitter/elephantbird/pig/piggybank/ProtobufBytesToTuple.java;ImportDeclaration
/home/taes/taes/projects/elephant-bird/revisions/rev_b0d7a3e_6abbab9/rev_b0d7a3e-6abbab9/src/java/com/twitter/elephantbird/pig/piggybank/ProtobufBytesToTuple.java;FieldDeclaration
/home/taes/taes/projects/elephant-bird/revisions/rev_b0d7a3e_6abbab9/rev_b0d7a3e-6abbab9/src/java/com/twitter/elephantbird/pig/piggybank/ProtobufBytesToTuple.java;FieldDeclaration
/home/taes/taes/projects/elephant-bird/revisions/rev_b0d7a3e_6abbab9/rev_b0d7a3e-6abbab9/src/test/com/twitter/elephantbird/util/TestProtobufs.java;ImportDeclaration
/home/taes/taes/projects/elephant-bird/revisions/rev_d5876bb_b813096/rev_d5876bb-b813096/src/java/com/twitter/elephantbird/mapreduce/output/LzoProtobufBlockOutputFormat.java;ImportDeclaration
/home/taes/taes/projects/elephant-bird/revisions/rev_d5876bb_b813096/rev_d5876bb-b813096/src/java/com/twitter/elephantbird/mapreduce/output/LzoProtobufB64LineOutputFormat.java;ImportDeclaration
/home/taes/taes/projects/elephant-bird/revisions/rev_1416fa5_839a574/rev_1416fa5-839a574/examples/src/gen-java/com/twitter/elephantbird/examples/proto/mapreduce/output/LzoAddressBookProtobufBlockOutputFormat.java;ImportDeclaration
/home/taes/taes/projects/elephant-bird/revisions/rev_1416fa5_839a574/rev_1416fa5-839a574/examples/src/gen-java/com/twitter/elephantbird/examples/proto/mapreduce/output/LzoAddressBookProtobufB64LineOutputFormat.java;ImportDeclaration
/home/taes/taes/projects/elephant-bird/revisions/rev_1416fa5_839a574/rev_1416fa5-839a574/examples/src/gen-java/com/twitter/elephantbird/examples/proto/mapreduce/output/LzoPersonProtobufBlockOutputFormat.java;ImportDeclaration
/home/taes/taes/projects/elephant-bird/revisions/rev_1416fa5_839a574/rev_1416fa5-839a574/examples/src/gen-java/com/twitter/elephantbird/examples/proto/mapreduce/output/LzoPersonProtobufB64LineOutputFormat.java;ImportDeclaration
/home/taes/taes/projects/elephant-bird/revisions/rev_1416fa5_839a574/rev_1416fa5-839a574/examples/src/gen-java/com/twitter/elephantbird/examples/proto/mapreduce/input/LzoPersonProtobufBlockInputFormat.java;ImportDeclaration
/home/taes/taes/projects/elephant-bird/revisions/rev_1416fa5_839a574/rev_1416fa5-839a574/examples/src/gen-java/com/twitter/elephantbird/examples/proto/mapreduce/input/LzoAddressBookProtobufB64LineInputFormat.java;ImportDeclaration
/home/taes/taes/projects/elephant-bird/revisions/rev_1416fa5_839a574/rev_1416fa5-839a574/examples/src/gen-java/com/twitter/elephantbird/examples/proto/mapreduce/input/LzoPersonProtobufB64LineInputFormat.java;ImportDeclaration
/home/taes/taes/projects/elephant-bird/revisions/rev_1416fa5_839a574/rev_1416fa5-839a574/examples/src/gen-java/com/twitter/elephantbird/examples/proto/mapreduce/input/LzoAddressBookProtobufBlockInputFormat.java;ImportDeclaration
/home/taes/taes/projects/elephant-bird/revisions/rev_1416fa5_839a574/rev_1416fa5-839a574/src/java/com/twitter/elephantbird/util/Protobufs.java;ImportDeclaration
/home/taes/taes/projects/elephant-bird/revisions/rev_1416fa5_839a574/rev_1416fa5-839a574/src/java/com/twitter/elephantbird/mapreduce/output/LzoProtobufBlockOutputFormat.java;ImportDeclaration
/home/taes/taes/projects/elephant-bird/revisions/rev_1416fa5_839a574/rev_1416fa5-839a574/src/java/com/twitter/elephantbird/mapreduce/output/LzoProtobufBlockOutputFormat.java;ImportDeclaration
/home/taes/taes/projects/elephant-bird/revisions/rev_1416fa5_839a574/rev_1416fa5-839a574/src/java/com/twitter/elephantbird/mapreduce/output/LzoProtobufB64LineOutputFormat.java;ImportDeclaration
/home/taes/taes/projects/elephant-bird/revisions/rev_1416fa5_839a574/rev_1416fa5-839a574/src/java/com/twitter/elephantbird/mapreduce/output/LzoProtobufB64LineOutputFormat.java;ImportDeclaration
/home/taes/taes/projects/elephant-bird/revisions/rev_1416fa5_839a574/rev_1416fa5-839a574/src/java/com/twitter/elephantbird/mapreduce/output/LzoProtobufB64LineOutputFormat.java;ImportDeclaration
/home/taes/taes/projects/elephant-bird/revisions/rev_1416fa5_839a574/rev_1416fa5-839a574/src/java/com/twitter/elephantbird/mapreduce/input/LzoProtobufB64LineInputFormat.java;ImportDeclaration
/home/taes/taes/projects/elephant-bird/revisions/rev_1416fa5_839a574/rev_1416fa5-839a574/src/java/com/twitter/elephantbird/mapreduce/input/LzoProtobufB64LineInputFormat.java;ImportDeclaration
/home/taes/taes/projects/elephant-bird/revisions/rev_1416fa5_839a574/rev_1416fa5-839a574/src/java/com/twitter/elephantbird/mapreduce/input/LzoProtobufB64LineInputFormat.java;FieldDeclaration
/home/taes/taes/projects/elephant-bird/revisions/rev_1416fa5_839a574/rev_1416fa5-839a574/src/java/com/twitter/elephantbird/mapreduce/input/LzoProtobufBlockInputFormat.java;ImportDeclaration
/home/taes/taes/projects/elephant-bird/revisions/rev_1416fa5_839a574/rev_1416fa5-839a574/src/java/com/twitter/elephantbird/mapreduce/input/LzoProtobufBlockInputFormat.java;ImportDeclaration
/home/taes/taes/projects/elephant-bird/revisions/rev_1416fa5_839a574/rev_1416fa5-839a574/src/java/com/twitter/elephantbird/mapreduce/input/LzoProtobufBlockInputFormat.java;FieldDeclaration
/home/taes/taes/projects/elephant-bird/revisions/rev_1416fa5_839a574/rev_1416fa5-839a574/src/java/com/twitter/elephantbird/pig/load/LzoProtobufBlockPigLoader.java;ConstructorDeclaration
/home/taes/taes/projects/elephant-bird/revisions/rev_1416fa5_839a574/rev_1416fa5-839a574/src/java/com/twitter/elephantbird/pig/load/LzoProtobufB64LinePigLoader.java;ImportDeclaration
/home/taes/taes/projects/elephant-bird/revisions/rev_1416fa5_839a574/rev_1416fa5-839a574/src/java/com/twitter/elephantbird/pig/load/LzoProtobufB64LinePigLoader.java;FieldDeclaration
/home/taes/taes/projects/elephant-bird/revisions/rev_1416fa5_839a574/rev_1416fa5-839a574/src/java/com/twitter/elephantbird/pig/load/LzoProtobufB64LinePigLoader.java;ConstructorDeclaration
/home/taes/taes/projects/elephant-bird/revisions/rev_1416fa5_839a574/rev_1416fa5-839a574/src/java/com/twitter/elephantbird/pig/load/LzoProtobufB64LinePigLoader.java;FieldDeclaration
/home/taes/taes/projects/elephant-bird/revisions/rev_1416fa5_839a574/rev_1416fa5-839a574/src/java/com/twitter/elephantbird/pig/piggybank/ProtobufBytesToTuple.java;ImportDeclaration
/home/taes/taes/projects/elephant-bird/revisions/rev_1416fa5_839a574/rev_1416fa5-839a574/src/java/com/twitter/elephantbird/pig/piggybank/ProtobufBytesToTuple.java;FieldDeclaration
/home/taes/taes/projects/elephant-bird/revisions/rev_1416fa5_839a574/rev_1416fa5-839a574/src/java/com/twitter/elephantbird/pig/piggybank/ProtobufBytesToTuple.java;FieldDeclaration
/home/taes/taes/projects/elephant-bird/revisions/rev_1416fa5_839a574/rev_1416fa5-839a574/src/test/com/twitter/elephantbird/util/TestProtobufs.java;ImportDeclaration
/home/taes/taes/projects/elephant-bird/revisions/rev_8d0b4a1_811f95b/rev_8d0b4a1-811f95b/src/java/com/twitter/elephantbird/mapreduce/input/LzoProtobufB64LineInputFormat.java;ConstructorDeclaration
/home/taes/taes/projects/elephant-bird/revisions/rev_8d0b4a1_811f95b/rev_8d0b4a1-811f95b/src/java/com/twitter/elephantbird/mapreduce/input/LzoProtobufB64LineInputFormat.java;MethodDeclaration
/home/taes/taes/projects/elephant-bird/revisions/rev_b87762a_3125301/rev_b87762a-3125301/src/java/com/twitter/elephantbird/mapreduce/output/LzoThriftB64LineOutputFormat.java;FieldDeclaration
/home/taes/taes/projects/elephant-bird/revisions/rev_b87762a_3125301/rev_b87762a-3125301/src/java/com/twitter/elephantbird/mapreduce/input/LzoThriftB64LineInputFormat.java;FieldDeclaration
/home/taes/taes/projects/elephant-bird/revisions/rev_b87762a_3125301/rev_b87762a-3125301/src/java/com/twitter/elephantbird/mapreduce/input/LzoThriftB64LineInputFormat.java;ConstructorDeclaration
/home/taes/taes/projects/elephant-bird/revisions/rev_b87762a_3125301/rev_b87762a-3125301/src/java/com/twitter/elephantbird/mapreduce/input/LzoThriftB64LineInputFormat.java;MethodDeclaration
/home/taes/taes/projects/elephant-bird/revisions/rev_b87762a_3125301/rev_b87762a-3125301/src/java/com/twitter/elephantbird/pig/piggybank/ThriftToPig.java;FieldDeclaration
/home/taes/taes/projects/elephant-bird/revisions/rev_110e154_738e6ce/rev_110e154-738e6ce/src/test/com/twitter/elephantbird/mapreduce/io/TestProtobufWritable.java;ImportDeclaration
/home/taes/taes/projects/elephant-bird/revisions/rev_110e154_738e6ce/rev_110e154-738e6ce/src/test/com/twitter/elephantbird/pig/piggybank/TestPigToProto.java;ImportDeclaration
/home/taes/taes/projects/elephant-bird/revisions/rev_4ece7ba_811018f/rev_4ece7ba-811018f/src/java/com/twitter/elephantbird/pig/store/LzoProtobufBlockPigStorage.java;FieldDeclaration
/home/taes/taes/projects/elephant-bird/revisions/rev_cc1e4c7_f3518a2/rev_cc1e4c7-f3518a2/src/java/com/twitter/elephantbird/pig/store/LzoProtobufB64LinePigStorage.java;ImportDeclaration
/home/taes/taes/projects/elephant-bird/revisions/rev_27ceb0c_4353485/rev_27ceb0c-4353485/src/java/com/twitter/elephantbird/mapreduce/output/LzoProtobufB64LineOutputFormat.java;ImportDeclaration
/home/taes/taes/projects/elephant-bird/revisions/rev_27ceb0c_4353485/rev_27ceb0c-4353485/src/java/com/twitter/elephantbird/mapreduce/output/LzoBinaryB64LineRecordWriter.java;ImportDeclaration
/home/taes/taes/projects/elephant-bird/revisions/rev_27ceb0c_4353485/rev_27ceb0c-4353485/src/java/com/twitter/elephantbird/pig/piggybank/ThriftBytesToTuple.java;ImportDeclaration
/home/taes/taes/projects/elephant-bird/revisions/rev_27ceb0c_4353485/rev_27ceb0c-4353485/src/test/com/twitter/elephantbird/pig/piggybank/TestThriftToPig.java;ImportDeclaration
/home/taes/taes/projects/ribbon/revisions/rev_a64b868_6e11c79/rev_a64b868-6e11c79/ribbon-httpclient/src/main/java/com/netflix/niws/client/http/RestClient.java;MethodDeclaration
/home/taes/taes/projects/retrofit/revisions/rev_35b7257_838711b/rev_35b7257-838711b/http/src/main/java/retrofit/http/HttpProfiler.java;FieldDeclaration
/home/taes/taes/projects/retrofit/revisions/rev_35b7257_838711b/rev_35b7257-838711b/http/src/main/java/retrofit/http/Fetcher.java;ImportDeclaration
/home/taes/taes/projects/retrofit/revisions/rev_35b7257_838711b/rev_35b7257-838711b/http/src/main/java/retrofit/http/Fetcher.java;ImportDeclaration
/home/taes/taes/projects/retrofit/revisions/rev_35b7257_838711b/rev_35b7257-838711b/http/src/main/java/retrofit/http/RestAdapter.java;ImportDeclaration
/home/taes/taes/projects/retrofit/revisions/rev_35b7257_838711b/rev_35b7257-838711b/http/src/main/java/retrofit/http/RestAdapter.java;ImportDeclaration
/home/taes/taes/projects/retrofit/revisions/rev_35b7257_838711b/rev_35b7257-838711b/http/src/main/java/retrofit/http/RestAdapter.java;ImportDeclaration
/home/taes/taes/projects/retrofit/revisions/rev_35b7257_838711b/rev_35b7257-838711b/http/src/main/java/retrofit/http/RestAdapter.java;FieldDeclaration
/home/taes/taes/projects/retrofit/revisions/rev_35b7257_838711b/rev_35b7257-838711b/http/src/test/java/retrofit/http/FetcherTest.java;ImportDeclaration
/home/taes/taes/projects/retrofit/revisions/rev_35b7257_838711b/rev_35b7257-838711b/http/src/test/java/retrofit/http/FetcherTest.java;ImportDeclaration
/home/taes/taes/projects/retrofit/revisions/rev_35b7257_838711b/rev_35b7257-838711b/http/src/test/java/retrofit/http/RestAdapterTest.java;FieldDeclaration
/home/taes/taes/projects/atlas/revisions/rev_9749e85_ff2918c/rev_9749e85-ff2918c/atlas-demo/AtlasDemo/buildSrc/src/main/java/com/taobao/android/builder/extension/AtlasExtension.java;ImportDeclaration
/home/taes/taes/projects/atlas/revisions/rev_9749e85_ff2918c/rev_9749e85-ff2918c/atlas-demo/AtlasDemo/buildSrc/src/main/java/com/taobao/android/builder/extension/AtlasExtension.java;MethodDeclaration
/home/taes/taes/projects/atlas/revisions/rev_9749e85_ff2918c/rev_9749e85-ff2918c/atlas-gradle-plugin/atlas-plugin/src/main/java/com/taobao/android/builder/extension/AtlasExtension.java;ImportDeclaration
/home/taes/taes/projects/atlas/revisions/rev_9749e85_ff2918c/rev_9749e85-ff2918c/atlas-gradle-plugin/atlas-plugin/src/main/java/com/taobao/android/builder/extension/AtlasExtension.java;MethodDeclaration
/home/taes/taes/projects/archaius/revisions/rev_07ee5dc_bfb68e9/rev_07ee5dc-bfb68e9/archaius-core/src/main/java/com/netflix/config/DynamicSetProperty.java;FieldDeclaration
/home/taes/taes/projects/elephant-bird/revisions/rev_ed6d50d_1f0c02e/rev_ed6d50d-1f0c02e/src/java/com/twitter/elephantbird/pig/store/LzoProtobufB64LinePigStorage.java;ImportDeclaration
/home/taes/taes/projects/elephant-bird/revisions/rev_d48ed68_da570d2/rev_d48ed68-da570d2/src/java/com/twitter/elephantbird/proto/codegen/LzoProtobufBlockPigletGenerator.java;ImportDeclaration
/home/taes/taes/projects/elephant-bird/revisions/rev_d48ed68_da570d2/rev_d48ed68-da570d2/src/java/com/twitter/elephantbird/proto/codegen/LzoProtobufB64LinePigletGenerator.java;ImportDeclaration
/home/taes/taes/projects/atlas/revisions/rev_a504c52_dd98861/rev_a504c52-dd98861/atlas-core/src/main/java/android/taobao/atlas/framework/bundlestorage/BundleArchive.java;ImportDeclaration
/home/taes/taes/projects/elephant-bird/revisions/rev_f06548b_513c57a/rev_f06548b-513c57a/src/java/com/twitter/elephantbird/pig/load/LzoJsonLoader.java;MethodDeclaration
/home/taes/taes/projects/atlas/revisions/rev_8d5a4e8_cc2b800/rev_8d5a4e8-cc2b800/atlas-gradle-plugin/atlas-plugin/src/main/java/com/android/build/gradle/internal/api/AwbTransform.java;ImportDeclaration
/home/taes/taes/projects/atlas/revisions/rev_8d5a4e8_cc2b800/rev_8d5a4e8-cc2b800/atlas-gradle-plugin/atlas-plugin/src/main/java/com/android/build/gradle/internal/api/AwbTransform.java;ImportDeclaration
/home/taes/taes/projects/atlas/revisions/rev_8d5a4e8_cc2b800/rev_8d5a4e8-cc2b800/atlas-gradle-plugin/atlas-plugin/src/main/java/com/taobao/android/builder/extension/MultiDexConfig.java;MethodDeclaration
/home/taes/taes/projects/atlas/revisions/rev_8d5a4e8_cc2b800/rev_8d5a4e8-cc2b800/atlas-gradle-plugin/atlas-plugin/src/main/java/com/taobao/android/builder/manager/AtlasAppTaskManager.java;MethodDeclaration
/home/taes/taes/projects/atlas/revisions/rev_8d5a4e8_cc2b800/rev_8d5a4e8-cc2b800/atlas-gradle-plugin/atlas-plugin/src/main/java/com/taobao/android/builder/tasks/tpatch/TPatchDiffApkBuildTask.java;ImportDeclaration
/home/taes/taes/projects/atlas/revisions/rev_8d5a4e8_cc2b800/rev_8d5a4e8-cc2b800/atlas-gradle-plugin/atlas-plugin/src/main/java/com/taobao/android/builder/tasks/tpatch/TPatchDiffApkBuildTask.java;ImportDeclaration
/home/taes/taes/projects/atlas/revisions/rev_8d5a4e8_cc2b800/rev_8d5a4e8-cc2b800/atlas-gradle-plugin/atlas-plugin/src/main/java/com/taobao/android/builder/tools/FileNameUtils.java;MethodDeclaration
/home/taes/taes/projects/atlas/revisions/rev_8d5a4e8_cc2b800/rev_8d5a4e8-cc2b800/atlas-gradle-plugin/atlas-plugin/src/main/java/com/taobao/android/builder/tools/Profiler.java;ImportDeclaration
/home/taes/taes/projects/atlas/revisions/rev_8d5a4e8_cc2b800/rev_8d5a4e8-cc2b800/atlas-gradle-plugin/atlas-plugin/src/main/java/com/taobao/android/builder/tools/Profiler.java;FieldDeclaration
/home/taes/taes/projects/atlas/revisions/rev_8d5a4e8_cc2b800/rev_8d5a4e8-cc2b800/atlas-gradle-plugin/atlas-plugin/src/test/java/proguard/KeepOnlyConfigurationParserTest.java;ImportDeclaration
/home/taes/taes/projects/elephant-bird/revisions/rev_50ad2a6_c42b56e/rev_50ad2a6-c42b56e/src/java/com/twitter/elephantbird/mapreduce/input/LzoInputFormat.java;FieldDeclaration
/home/taes/taes/projects/ribbon/revisions/rev_1c246b4_f841ad0/rev_1c246b4-f841ad0/ribbon-core/src/main/java/com/netflix/client/LoadBalancerContext.java;ImportDeclaration
/home/taes/taes/projects/ribbon/revisions/rev_1c246b4_f841ad0/rev_1c246b4-f841ad0/ribbon-core/src/main/java/com/netflix/client/LoadBalancerContext.java;ImportDeclaration
/home/taes/taes/projects/ribbon/revisions/rev_1c246b4_f841ad0/rev_1c246b4-f841ad0/ribbon-core/src/main/java/com/netflix/client/LoadBalancerContext.java;MethodDeclaration
/home/taes/taes/projects/ribbon/revisions/rev_1c246b4_f841ad0/rev_1c246b4-f841ad0/ribbon-httpclient/src/main/java/com/netflix/http4/NFHttpClient.java;FieldDeclaration
/home/taes/taes/projects/elephant-bird/revisions/rev_ad562ae_130cfc6/rev_ad562ae-130cfc6/src/java/com/twitter/elephantbird/mapreduce/input/LzoInputFormat.java;ImportDeclaration
/home/taes/taes/projects/elephant-bird/revisions/rev_ad562ae_130cfc6/rev_ad562ae-130cfc6/src/java/com/twitter/elephantbird/mapreduce/input/LzoInputFormat.java;ImportDeclaration
/home/taes/taes/projects/elephant-bird/revisions/rev_ad562ae_130cfc6/rev_ad562ae-130cfc6/src/java/com/twitter/elephantbird/mapreduce/input/LzoInputFormat.java;FieldDeclaration
/home/taes/taes/projects/elephant-bird/revisions/rev_ad562ae_130cfc6/rev_ad562ae-130cfc6/src/java/com/twitter/elephantbird/pig/store/LzoTokenizedStorage.java;ImportDeclaration
/home/taes/taes/projects/elephant-bird/revisions/rev_ad562ae_130cfc6/rev_ad562ae-130cfc6/src/java/com/twitter/elephantbird/pig/store/LzoTokenizedStorage.java;FieldDeclaration
/home/taes/taes/projects/elephant-bird/revisions/rev_ad562ae_130cfc6/rev_ad562ae-130cfc6/src/java/com/twitter/elephantbird/pig/load/LzoTokenizedLoader.java;ImportDeclaration
/home/taes/taes/projects/elephant-bird/revisions/rev_ad562ae_130cfc6/rev_ad562ae-130cfc6/src/java/com/twitter/elephantbird/pig/load/LzoTokenizedLoader.java;FieldDeclaration
/home/taes/taes/projects/elephant-bird/revisions/rev_ad562ae_130cfc6/rev_ad562ae-130cfc6/src/java/com/twitter/elephantbird/pig/load/LzoTextLoader.java;ImportDeclaration
/home/taes/taes/projects/archaius/revisions/rev_61eb7f8_8b0dddc/rev_61eb7f8-8b0dddc/archaius-core/src/main/java/com/netflix/config/ConfigurationBasedDeploymentContext.java;MethodDeclaration
/home/taes/taes/projects/ribbon/revisions/rev_7620032_42c3e4c/rev_7620032-42c3e4c/ribbon-httpclient/src/test/java/com/netflix/niws/client/http/RestClientTest.java;ImportDeclaration
/home/taes/taes/projects/ribbon/revisions/rev_7620032_42c3e4c/rev_7620032-42c3e4c/ribbon-httpclient/src/test/java/com/netflix/niws/client/http/RestClientTest.java;FieldDeclaration
/home/taes/taes/projects/atlas/revisions/rev_4e151bd_ffb0907/rev_4e151bd-ffb0907/atlas-gradle-plugin/atlas-plugin/src/main/java/com/taobao/android/builder/extension/MultiDexConfig.java;MethodDeclaration
/home/taes/taes/projects/atlas/revisions/rev_4e151bd_ffb0907/rev_4e151bd-ffb0907/atlas-gradle-plugin/atlas-plugin/src/main/java/com/taobao/android/builder/tasks/tpatch/TPatchDiffResAPBuildTask.java;FieldDeclaration
/home/taes/taes/projects/atlas/revisions/rev_4e151bd_ffb0907/rev_4e151bd-ffb0907/atlas-gradle-plugin/atlas-plugin/src/main/java/com/taobao/android/builder/tasks/tpatch/TPatchDiffResAPBuildTask.java;FieldDeclaration
/home/taes/taes/projects/atlas/revisions/rev_4e151bd_ffb0907/rev_4e151bd-ffb0907/atlas-gradle-plugin/atlas-plugin/src/main/java/com/taobao/android/builder/tasks/tpatch/TPatchDiffResAPBuildTask.java;FieldDeclaration
/home/taes/taes/projects/atlas/revisions/rev_4e151bd_ffb0907/rev_4e151bd-ffb0907/atlas-gradle-plugin/atlas-plugin/src/main/java/com/taobao/android/builder/tasks/tpatch/TPatchDiffResAPBuildTask.java;FieldDeclaration
/home/taes/taes/projects/atlas/revisions/rev_4e151bd_ffb0907/rev_4e151bd-ffb0907/atlas-gradle-plugin/atlas-plugin/src/main/java/com/taobao/android/builder/tools/xml/XmlHelper.java;ImportDeclaration
/home/taes/taes/projects/atlas/revisions/rev_4e151bd_ffb0907/rev_4e151bd-ffb0907/atlas-gradle-plugin/atlas-plugin/src/main/java/com/taobao/android/builder/tools/xml/XmlHelper.java;ImportDeclaration
/home/taes/taes/projects/atlas/revisions/rev_4e151bd_ffb0907/rev_4e151bd-ffb0907/atlas-gradle-plugin/atlas-plugin/src/main/java/com/taobao/android/builder/tools/xml/XmlHelper.java;MethodDeclaration
/home/taes/taes/projects/atlas/revisions/rev_4e151bd_ffb0907/rev_4e151bd-ffb0907/atlas-gradle-plugin/atlas-plugin/src/main/java/com/taobao/android/builder/tools/diff/DiffResExtractor.java;ImportDeclaration
/home/taes/taes/projects/atlas/revisions/rev_4e151bd_ffb0907/rev_4e151bd-ffb0907/atlas-gradle-plugin/atlas-plugin/src/main/java/com/taobao/android/builder/tools/diff/DiffResExtractor.java;ImportDeclaration
/home/taes/taes/projects/atlas/revisions/rev_4e151bd_ffb0907/rev_4e151bd-ffb0907/atlas-gradle-plugin/atlas-plugin/src/main/java/com/taobao/android/builder/tools/diff/DiffResExtractor.java;ImportDeclaration
/home/taes/taes/projects/atlas/revisions/rev_4e151bd_ffb0907/rev_4e151bd-ffb0907/atlas-gradle-plugin/atlas-plugin/src/main/java/com/taobao/android/builder/tools/diff/DiffResExtractor.java;ImportDeclaration
/home/taes/taes/projects/atlas/revisions/rev_4e151bd_ffb0907/rev_4e151bd-ffb0907/atlas-gradle-plugin/atlas-plugin/src/main/java/com/taobao/android/builder/tools/sign/AndroidSigner.java;ImportDeclaration
/home/taes/taes/projects/atlas/revisions/rev_4e151bd_ffb0907/rev_4e151bd-ffb0907/atlas-gradle-plugin/atlas-plugin/src/main/java/com/taobao/android/builder/tools/sign/AndroidSigner.java;ImportDeclaration
/home/taes/taes/projects/atlas/revisions/rev_4e151bd_ffb0907/rev_4e151bd-ffb0907/atlas-gradle-plugin/atlas-plugin/src/main/java/com/taobao/android/builder/tools/sign/AndroidSigner.java;MethodDeclaration
/home/taes/taes/projects/ribbon/revisions/rev_b33a5ed_42c3e4c/rev_b33a5ed-42c3e4c/ribbon-core/src/main/java/com/netflix/client/AbstractLoadBalancerAwareClient.java;MethodDeclaration
/home/taes/taes/projects/ribbon/revisions/rev_b33a5ed_42c3e4c/rev_b33a5ed-42c3e4c/ribbon-core/src/main/java/com/netflix/client/AbstractLoadBalancerAwareClient.java;MethodDeclaration
/home/taes/taes/projects/ribbon/revisions/rev_b33a5ed_42c3e4c/rev_b33a5ed-42c3e4c/ribbon-core/src/main/java/com/netflix/client/AbstractLoadBalancerAwareClient.java;MethodDeclaration
/home/taes/taes/projects/ribbon/revisions/rev_b33a5ed_42c3e4c/rev_b33a5ed-42c3e4c/ribbon-core/src/main/java/com/netflix/client/config/IClientConfig.java;MethodDeclaration
/home/taes/taes/projects/ribbon/revisions/rev_b33a5ed_42c3e4c/rev_b33a5ed-42c3e4c/ribbon-core/src/main/java/com/netflix/client/config/DefaultClientConfigImpl.java;MethodDeclaration
/home/taes/taes/projects/ribbon/revisions/rev_b33a5ed_42c3e4c/rev_b33a5ed-42c3e4c/ribbon-core/src/main/java/com/netflix/client/config/DefaultClientConfigImpl.java;MethodDeclaration
/home/taes/taes/projects/ribbon/revisions/rev_4be8bde_47e5ff8/rev_4be8bde-47e5ff8/ribbon-httpclient/src/main/java/com/netflix/niws/client/http/RestClient.java;ImportDeclaration
/home/taes/taes/projects/ribbon/revisions/rev_4be8bde_47e5ff8/rev_4be8bde-47e5ff8/ribbon-httpclient/src/main/java/com/netflix/niws/client/http/RestClient.java;ImportDeclaration
/home/taes/taes/projects/ribbon/revisions/rev_4be8bde_47e5ff8/rev_4be8bde-47e5ff8/ribbon-httpclient/src/main/java/com/netflix/niws/client/http/RestClient.java;ImportDeclaration
/home/taes/taes/projects/ribbon/revisions/rev_4be8bde_47e5ff8/rev_4be8bde-47e5ff8/ribbon-httpclient/src/main/java/com/netflix/niws/client/http/RestClient.java;ImportDeclaration
/home/taes/taes/projects/ribbon/revisions/rev_4be8bde_47e5ff8/rev_4be8bde-47e5ff8/ribbon-httpclient/src/main/java/com/netflix/niws/client/http/RestClient.java;ImportDeclaration
/home/taes/taes/projects/ribbon/revisions/rev_4be8bde_47e5ff8/rev_4be8bde-47e5ff8/ribbon-httpclient/src/main/java/com/netflix/niws/client/http/RestClient.java;MethodDeclaration
/home/taes/taes/projects/archaius/revisions/rev_450add0_b99c9ae/rev_450add0-b99c9ae/archaius-aws/src/test/java/com/netflix/config/sources/DynamoDbConfigurationSourceTest.java;ImportDeclaration
/home/taes/taes/projects/elephant-bird/revisions/rev_f875c0b_8acda1f/rev_f875c0b-8acda1f/src/test/com/twitter/elephantbird/pig/piggybank/TestThriftToPig.java;ImportDeclaration
/home/taes/taes/projects/ribbon/revisions/rev_aebc2c4_89ee7d8/rev_aebc2c4-89ee7d8/ribbon-client-extensions/src/main/java/com/netflix/ribbonclientextensions/Ribbon.java;ImportDeclaration
/home/taes/taes/projects/elephant-bird/revisions/rev_3ef3270_e8d76ea/rev_3ef3270-e8d76ea/src/test/com/twitter/elephantbird/pig/piggybank/TestThriftToPig.java;ImportDeclaration
/home/taes/taes/projects/elephant-bird/revisions/rev_b784885_342f336/rev_b784885-342f336/src/java/com/twitter/elephantbird/pig/util/ThriftToPig.java;MethodDeclaration
/home/taes/taes/projects/elephant-bird/revisions/rev_b784885_342f336/rev_b784885-342f336/src/java/com/twitter/elephantbird/pig/util/ThriftToPig.java;FieldDeclaration
/home/taes/taes/projects/elephant-bird/revisions/rev_b784885_342f336/rev_b784885-342f336/src/java/com/twitter/elephantbird/pig/util/ThriftToPig.java;FieldDeclaration
/home/taes/taes/projects/elephant-bird/revisions/rev_b784885_342f336/rev_b784885-342f336/src/java/com/twitter/elephantbird/pig/util/AbstractLazyTuple.java;MethodDeclaration
/home/taes/taes/projects/elephant-bird/revisions/rev_b784885_342f336/rev_b784885-342f336/src/java/com/twitter/elephantbird/pig/load/LzoThriftB64LinePigLoader.java;ImportDeclaration
/home/taes/taes/projects/elephant-bird/revisions/rev_b784885_342f336/rev_b784885-342f336/src/java/com/twitter/elephantbird/pig/load/LzoThriftB64LinePigLoader.java;ImportDeclaration
/home/taes/taes/projects/elephant-bird/revisions/rev_b784885_342f336/rev_b784885-342f336/src/java/com/twitter/elephantbird/pig/load/LzoThriftB64LinePigLoader.java;FieldDeclaration
/home/taes/taes/projects/elephant-bird/revisions/rev_b784885_342f336/rev_b784885-342f336/src/java/com/twitter/elephantbird/pig/load/LzoThriftBlockPigLoader.java;ImportDeclaration
/home/taes/taes/projects/elephant-bird/revisions/rev_b784885_342f336/rev_b784885-342f336/src/java/com/twitter/elephantbird/pig/load/LzoThriftBlockPigLoader.java;ImportDeclaration
/home/taes/taes/projects/elephant-bird/revisions/rev_b784885_342f336/rev_b784885-342f336/src/java/com/twitter/elephantbird/pig/load/LzoThriftBlockPigLoader.java;ImportDeclaration
/home/taes/taes/projects/elephant-bird/revisions/rev_b784885_342f336/rev_b784885-342f336/src/java/com/twitter/elephantbird/pig/load/LzoBaseLoadFunc.java;ImportDeclaration
/home/taes/taes/projects/elephant-bird/revisions/rev_b784885_342f336/rev_b784885-342f336/src/java/com/twitter/elephantbird/pig/load/LzoBaseLoadFunc.java;ImportDeclaration
/home/taes/taes/projects/elephant-bird/revisions/rev_b784885_342f336/rev_b784885-342f336/src/java/com/twitter/elephantbird/pig/load/LzoBaseLoadFunc.java;ImportDeclaration
/home/taes/taes/projects/elephant-bird/revisions/rev_b784885_342f336/rev_b784885-342f336/src/java/com/twitter/elephantbird/pig/load/LzoBaseLoadFunc.java;ImportDeclaration
/home/taes/taes/projects/elephant-bird/revisions/rev_b784885_342f336/rev_b784885-342f336/src/java/com/twitter/elephantbird/pig/load/LzoBaseLoadFunc.java;FieldDeclaration
/home/taes/taes/projects/elephant-bird/revisions/rev_b784885_342f336/rev_b784885-342f336/src/java/com/twitter/elephantbird/pig/load/LzoProtobufBlockPigLoader.java;ImportDeclaration
/home/taes/taes/projects/elephant-bird/revisions/rev_b784885_342f336/rev_b784885-342f336/src/java/com/twitter/elephantbird/pig/load/LzoProtobufBlockPigLoader.java;ImportDeclaration
/home/taes/taes/projects/elephant-bird/revisions/rev_b784885_342f336/rev_b784885-342f336/src/java/com/twitter/elephantbird/pig/load/LzoProtobufBlockPigLoader.java;ImportDeclaration
/home/taes/taes/projects/elephant-bird/revisions/rev_b784885_342f336/rev_b784885-342f336/src/java/com/twitter/elephantbird/pig/load/LzoProtobufB64LinePigLoader.java;ImportDeclaration
/home/taes/taes/projects/elephant-bird/revisions/rev_b784885_342f336/rev_b784885-342f336/src/java/com/twitter/elephantbird/pig/load/LzoProtobufB64LinePigLoader.java;ImportDeclaration
/home/taes/taes/projects/elephant-bird/revisions/rev_b784885_342f336/rev_b784885-342f336/src/java/com/twitter/elephantbird/pig/load/LzoProtobufB64LinePigLoader.java;ImportDeclaration
/home/taes/taes/projects/elephant-bird/revisions/rev_b784885_342f336/rev_b784885-342f336/src/java/com/twitter/elephantbird/pig/load/LzoProtobufB64LinePigLoader.java;FieldDeclaration
/home/taes/taes/projects/elephant-bird/revisions/rev_b784885_342f336/rev_b784885-342f336/src/test/com/twitter/elephantbird/pig/piggybank/TestThriftToPig.java;ImportDeclaration
/home/taes/taes/projects/elephant-bird/revisions/rev_b784885_342f336/rev_b784885-342f336/src/test/com/twitter/elephantbird/pig/piggybank/TestThriftToPig.java;ImportDeclaration
/home/taes/taes/projects/elephant-bird/revisions/rev_b784885_342f336/rev_b784885-342f336/src/test/com/twitter/elephantbird/pig/piggybank/TestThriftToPig.java;ImportDeclaration
/home/taes/taes/projects/elephant-bird/revisions/rev_b784885_342f336/rev_b784885-342f336/src/test/com/twitter/elephantbird/pig/piggybank/TestProtoToPig.java;ImportDeclaration
/home/taes/taes/projects/elephant-bird/revisions/rev_b784885_342f336/rev_b784885-342f336/src/test/com/twitter/elephantbird/pig/piggybank/TestProtoToPig.java;ImportDeclaration
/home/taes/taes/projects/elephant-bird/revisions/rev_b784885_342f336/rev_b784885-342f336/src/test/com/twitter/elephantbird/pig/piggybank/TestProtoToPig.java;ImportDeclaration
/home/taes/taes/projects/elephant-bird/revisions/rev_b784885_342f336/rev_b784885-342f336/src/test/com/twitter/elephantbird/pig/piggybank/TestProtoToPig.java;MethodDeclaration
/home/taes/taes/projects/ribbon/revisions/rev_786e464_200cffe/rev_786e464-200cffe/ribbon-transport/src/main/java/com/netflix/client/netty/http/NettyHttpClient.java;ImportDeclaration
/home/taes/taes/projects/ribbon/revisions/rev_786e464_200cffe/rev_786e464-200cffe/ribbon-transport/src/test/java/com/netflix/client/netty/http/NettyClientTest.java;ImportDeclaration
/home/taes/taes/projects/elephant-bird/revisions/rev_13f2963_3a82539/rev_13f2963-3a82539/src/java/com/twitter/elephantbird/cascading2/scheme/LzoTextDelimited.java;ImportDeclaration
/home/taes/taes/projects/elephant-bird/revisions/rev_13f2963_3a82539/rev_13f2963-3a82539/src/java/com/twitter/elephantbird/cascading2/scheme/LzoTextDelimited.java;ImportDeclaration
/home/taes/taes/projects/elephant-bird/revisions/rev_13f2963_3a82539/rev_13f2963-3a82539/src/java/com/twitter/elephantbird/cascading2/scheme/LzoTextDelimited.java;ImportDeclaration
/home/taes/taes/projects/elephant-bird/revisions/rev_13f2963_3a82539/rev_13f2963-3a82539/src/java/com/twitter/elephantbird/cascading2/scheme/LzoTextLine.java;ImportDeclaration
/home/taes/taes/projects/elephant-bird/revisions/rev_13f2963_3a82539/rev_13f2963-3a82539/src/java/com/twitter/elephantbird/cascading2/scheme/LzoTextLine.java;ImportDeclaration
/home/taes/taes/projects/elephant-bird/revisions/rev_13f2963_3a82539/rev_13f2963-3a82539/src/java/com/twitter/elephantbird/cascading2/scheme/LzoTextLine.java;ImportDeclaration
/home/taes/taes/projects/elephant-bird/revisions/rev_13f2963_3a82539/rev_13f2963-3a82539/src/java/com/twitter/elephantbird/mapred/output/DeprecatedLzoOutputFormat.java;ImportDeclaration
/home/taes/taes/projects/elephant-bird/revisions/rev_13f2963_3a82539/rev_13f2963-3a82539/src/java/com/twitter/elephantbird/mapred/output/DeprecatedLzoOutputFormat.java;ImportDeclaration
/home/taes/taes/projects/curator/revisions/rev_d4c0be0_ff4ec29/rev_d4c0be0-ff4ec29/curator-framework/src/main/java/com/netflix/curator/framework/imps/CreateBuilderImpl.java;FieldDeclaration
/home/taes/taes/projects/curator/revisions/rev_d4c0be0_ff4ec29/rev_d4c0be0-ff4ec29/curator-framework/src/main/java/com/netflix/curator/framework/imps/CreateBuilderImpl.java;MethodDeclaration
/home/taes/taes/projects/curator/revisions/rev_d4c0be0_ff4ec29/rev_d4c0be0-ff4ec29/curator-framework/src/main/java/com/netflix/curator/framework/imps/CuratorFrameworkImpl.java;FieldDeclaration
/home/taes/taes/projects/curator/revisions/rev_d4c0be0_ff4ec29/rev_d4c0be0-ff4ec29/curator-framework/src/main/java/com/netflix/curator/framework/imps/CuratorFrameworkImpl.java;MethodDeclaration
/home/taes/taes/projects/ribbon/revisions/rev_5c67188_f3e8cdf/rev_5c67188-f3e8cdf/ribbon/src/main/java/com/netflix/ribbon/http/HttpResourceGroup.java;MethodDeclaration
/home/taes/taes/projects/retrofit/revisions/rev_2ef7ca0_941ae85/rev_2ef7ca0-941ae85/retrofit/src/main/java/retrofit/http/RestMethodInfo.java;ImportDeclaration
/home/taes/taes/projects/retrofit/revisions/rev_2ef7ca0_941ae85/rev_2ef7ca0-941ae85/retrofit/src/main/java/retrofit/http/RestMethodInfo.java;ImportDeclaration
/home/taes/taes/projects/retrofit/revisions/rev_2ef7ca0_941ae85/rev_2ef7ca0-941ae85/retrofit/src/main/java/retrofit/http/RestMethodInfo.java;FieldDeclaration
/home/taes/taes/projects/retrofit/revisions/rev_2ef7ca0_941ae85/rev_2ef7ca0-941ae85/retrofit/src/main/java/retrofit/http/client/UrlConnectionClient.java;ImportDeclaration
/home/taes/taes/projects/retrofit/revisions/rev_2ef7ca0_941ae85/rev_2ef7ca0-941ae85/retrofit/src/main/java/retrofit/http/client/ApacheClient.java;ImportDeclaration
/home/taes/taes/projects/retrofit/revisions/rev_2ef7ca0_941ae85/rev_2ef7ca0-941ae85/retrofit/src/main/java/retrofit/http/client/Request.java;ImportDeclaration
/home/taes/taes/projects/retrofit/revisions/rev_2ef7ca0_941ae85/rev_2ef7ca0-941ae85/retrofit/src/main/java/retrofit/http/client/Response.java;ImportDeclaration
/home/taes/taes/projects/retrofit/revisions/rev_2ef7ca0_941ae85/rev_2ef7ca0-941ae85/retrofit/src/main/java/retrofit/http/RequestBuilder.java;ImportDeclaration
/home/taes/taes/projects/retrofit/revisions/rev_2ef7ca0_941ae85/rev_2ef7ca0-941ae85/retrofit/src/main/java/retrofit/http/RestAdapter.java;FieldDeclaration
/home/taes/taes/projects/retrofit/revisions/rev_2ef7ca0_941ae85/rev_2ef7ca0-941ae85/retrofit/src/main/java/retrofit/http/RestAdapter.java;FieldDeclaration
/home/taes/taes/projects/retrofit/revisions/rev_2ef7ca0_941ae85/rev_2ef7ca0-941ae85/retrofit/src/test/java/retrofit/http/client/UrlConnectionClientTest.java;ImportDeclaration
/home/taes/taes/projects/retrofit/revisions/rev_2ef7ca0_941ae85/rev_2ef7ca0-941ae85/retrofit/src/test/java/retrofit/http/client/ApacheClientTest.java;ImportDeclaration
/home/taes/taes/projects/retrofit/revisions/rev_2ef7ca0_941ae85/rev_2ef7ca0-941ae85/retrofit/src/test/java/retrofit/http/RequestBuilderTest.java;ImportDeclaration
/home/taes/taes/projects/retrofit/revisions/rev_2ef7ca0_941ae85/rev_2ef7ca0-941ae85/retrofit/src/test/java/retrofit/http/RequestBuilderTest.java;FieldDeclaration
/home/taes/taes/projects/retrofit/revisions/rev_2ef7ca0_941ae85/rev_2ef7ca0-941ae85/retrofit/src/test/java/retrofit/http/RequestBuilderTest.java;FieldDeclaration
/home/taes/taes/projects/elephant-bird/revisions/rev_2e05eec_21dbeee/rev_2e05eec-21dbeee/src/java/com/twitter/elephantbird/util/ThriftUtils.java;ImportDeclaration
/home/taes/taes/projects/elephant-bird/revisions/rev_2e05eec_21dbeee/rev_2e05eec-21dbeee/src/java/com/twitter/elephantbird/pig/load/LzoBaseLoadFunc.java;ImportDeclaration
/home/taes/taes/projects/elephant-bird/revisions/rev_2e05eec_21dbeee/rev_2e05eec-21dbeee/src/java/com/twitter/elephantbird/pig/load/LzoBaseLoadFunc.java;FieldDeclaration
/home/taes/taes/projects/ribbon/revisions/rev_879cae7_4bd4aa3/rev_879cae7-4bd4aa3/ribbon/src/main/java/com/netflix/ribbon/proxy/MethodTemplateExecutor.java;ImportDeclaration
/home/taes/taes/projects/ribbon/revisions/rev_879cae7_4bd4aa3/rev_879cae7-4bd4aa3/ribbon/src/main/java/com/netflix/ribbon/proxy/MethodTemplateExecutor.java;ImportDeclaration
/home/taes/taes/projects/ribbon/revisions/rev_879cae7_4bd4aa3/rev_879cae7-4bd4aa3/ribbon/src/main/java/com/netflix/ribbon/proxy/MethodTemplateExecutor.java;FieldDeclaration
/home/taes/taes/projects/elephant-bird/revisions/rev_56e97f9_c1ca987/rev_56e97f9-c1ca987/core/src/main/java/com/twitter/elephantbird/util/ThriftToDynamicProto.java;ImportDeclaration
/home/taes/taes/projects/elephant-bird/revisions/rev_56e97f9_c1ca987/rev_56e97f9-c1ca987/core/src/main/java/com/twitter/elephantbird/util/ThriftToDynamicProto.java;FieldDeclaration
/home/taes/taes/projects/elephant-bird/revisions/rev_56e97f9_c1ca987/rev_56e97f9-c1ca987/core/src/main/java/com/twitter/elephantbird/util/LzoUtils.java;ImportDeclaration
/home/taes/taes/projects/elephant-bird/revisions/rev_56e97f9_c1ca987/rev_56e97f9-c1ca987/core/src/main/java/com/twitter/elephantbird/util/LzoUtils.java;FieldDeclaration
/home/taes/taes/projects/elephant-bird/revisions/rev_56e97f9_c1ca987/rev_56e97f9-c1ca987/core/src/main/java/com/twitter/elephantbird/util/ThriftToProto.java;ImportDeclaration
/home/taes/taes/projects/elephant-bird/revisions/rev_56e97f9_c1ca987/rev_56e97f9-c1ca987/core/src/main/java/com/twitter/elephantbird/util/ThriftToProto.java;FieldDeclaration
/home/taes/taes/projects/elephant-bird/revisions/rev_56e97f9_c1ca987/rev_56e97f9-c1ca987/core/src/main/java/com/twitter/elephantbird/mapreduce/output/LzoOutputFormat.java;ImportDeclaration
/home/taes/taes/projects/elephant-bird/revisions/rev_56e97f9_c1ca987/rev_56e97f9-c1ca987/core/src/main/java/com/twitter/elephantbird/mapreduce/output/LzoOutputFormat.java;ImportDeclaration
/home/taes/taes/projects/elephant-bird/revisions/rev_56e97f9_c1ca987/rev_56e97f9-c1ca987/core/src/main/java/com/twitter/elephantbird/mapreduce/output/LzoOutputFormat.java;FieldDeclaration
/home/taes/taes/projects/elephant-bird/revisions/rev_56e97f9_c1ca987/rev_56e97f9-c1ca987/core/src/main/java/com/twitter/elephantbird/mapreduce/input/LzoGenericProtobufBlockInputFormat.java;ImportDeclaration
/home/taes/taes/projects/elephant-bird/revisions/rev_56e97f9_c1ca987/rev_56e97f9-c1ca987/core/src/main/java/com/twitter/elephantbird/mapreduce/io/ThriftConverter.java;ImportDeclaration
/home/taes/taes/projects/elephant-bird/revisions/rev_56e97f9_c1ca987/rev_56e97f9-c1ca987/core/src/main/java/com/twitter/elephantbird/mapreduce/io/ThriftConverter.java;ImportDeclaration
/home/taes/taes/projects/elephant-bird/revisions/rev_56e97f9_c1ca987/rev_56e97f9-c1ca987/core/src/main/java/com/twitter/elephantbird/mapreduce/io/ThriftConverter.java;FieldDeclaration
/home/taes/taes/projects/elephant-bird/revisions/rev_56e97f9_c1ca987/rev_56e97f9-c1ca987/rcfile/src/main/java/com/twitter/elephantbird/mapreduce/input/RCFileProtobufInputFormat.java;FieldDeclaration
/home/taes/taes/projects/elephant-bird/revisions/rev_56e97f9_c1ca987/rev_56e97f9-c1ca987/pig/src/main/java/com/twitter/elephantbird/pig/store/LzoThriftBlockPigStorage.java;ImportDeclaration
/home/taes/taes/projects/elephant-bird/revisions/rev_56e97f9_c1ca987/rev_56e97f9-c1ca987/pig/src/main/java/com/twitter/elephantbird/pig/util/ThriftToPig.java;ImportDeclaration
/home/taes/taes/projects/elephant-bird/revisions/rev_56e97f9_c1ca987/rev_56e97f9-c1ca987/pig/src/main/java/com/twitter/elephantbird/pig/util/ThriftToPig.java;ImportDeclaration
/home/taes/taes/projects/elephant-bird/revisions/rev_56e97f9_c1ca987/rev_56e97f9-c1ca987/pig/src/main/java/com/twitter/elephantbird/pig/util/ThriftToPig.java;FieldDeclaration
/home/taes/taes/projects/elephant-bird/revisions/rev_56e97f9_c1ca987/rev_56e97f9-c1ca987/pig/src/main/java/com/twitter/elephantbird/pig/piggybank/JsonStringToMap.java;ImportDeclaration
/home/taes/taes/projects/elephant-bird/revisions/rev_56e97f9_c1ca987/rev_56e97f9-c1ca987/pig/src/main/java/com/twitter/elephantbird/pig/piggybank/JsonStringToMap.java;ImportDeclaration
/home/taes/taes/projects/elephant-bird/revisions/rev_56e97f9_c1ca987/rev_56e97f9-c1ca987/pig/src/main/java/com/twitter/elephantbird/pig/piggybank/JsonStringToMap.java;FieldDeclaration
/home/taes/taes/projects/elephant-bird/revisions/rev_34cf049_2c0f0fe/rev_34cf049-2c0f0fe/rcfile/src/main/java/com/twitter/elephantbird/mapreduce/output/RCFileOutputFormat.java;ImportDeclaration
/home/taes/taes/projects/elephant-bird/revisions/rev_6d28c12_2c0f0fe/rev_6d28c12-2c0f0fe/rcfile/src/main/java/com/twitter/elephantbird/mapreduce/input/RCFileProtobufInputFormat.java;FieldDeclaration
/home/taes/taes/projects/elephant-bird/revisions/rev_460cf9d_df176b3/rev_460cf9d-df176b3/core/src/test/java/com/twitter/elephantbird/mapreduce/input/TestLzoTextInputFormat.java;ImportDeclaration
/home/taes/taes/projects/elephant-bird/revisions/rev_460cf9d_df176b3/rev_460cf9d-df176b3/rcfile/src/test/java/com/twitter/elephantbird/pig/load/TestRCFileProtobufStorage.java;ImportDeclaration
/home/taes/taes/projects/elephant-bird/revisions/rev_460cf9d_df176b3/rev_460cf9d-df176b3/rcfile/src/test/java/com/twitter/elephantbird/pig/load/TestRCFileProtobufStorage.java;ImportDeclaration
/home/taes/taes/projects/elephant-bird/revisions/rev_460cf9d_df176b3/rev_460cf9d-df176b3/rcfile/src/test/java/com/twitter/elephantbird/pig/load/TestRCFileThriftStorage.java;ImportDeclaration
/home/taes/taes/projects/elephant-bird/revisions/rev_460cf9d_df176b3/rev_460cf9d-df176b3/rcfile/src/test/java/com/twitter/elephantbird/pig/load/TestRCFileThriftStorage.java;ImportDeclaration
/home/taes/taes/projects/elephant-bird/revisions/rev_460cf9d_df176b3/rev_460cf9d-df176b3/pig/src/test/java/com/twitter/elephantbird/pig/util/AbstractTestWritableConverter.java;ImportDeclaration
/home/taes/taes/projects/elephant-bird/revisions/rev_460cf9d_df176b3/rev_460cf9d-df176b3/pig/src/test/java/com/twitter/elephantbird/pig/util/AbstractTestWritableConverter.java;ImportDeclaration
/home/taes/taes/projects/elephant-bird/revisions/rev_dec9394_814e05e/rev_dec9394-814e05e/core/src/main/java/com/twitter/elephantbird/thrift/TStructDescriptor.java;ImportDeclaration
