revision;referencesToRenamedMethods
/home/taes/taes//projects/elephant-bird/revisions/rev_dd64dd0_8ff804b/rev_dd64dd0-8ff804b;0
/home/taes/taes//projects/elephant-bird/revisions/rev_c01b27b_cebd3d0/rev_c01b27b-cebd3d0;0
/home/taes/taes//projects/elephant-bird/revisions/rev_d5876bb_b813096/rev_d5876bb-b813096;0
/home/taes/taes//projects/elephant-bird/revisions/rev_6c5529a_64bb16e/rev_6c5529a-64bb16e;0
/home/taes/taes//projects/elephant-bird/revisions/rev_b87762a_3125301/rev_b87762a-3125301;0
/home/taes/taes//projects/curator/revisions/rev_b5a2a9f_0ca5859/rev_b5a2a9f-0ca5859;0
/home/taes/taes//projects/elephant-bird/revisions/rev_110e154_738e6ce/rev_110e154-738e6ce;0
/home/taes/taes//projects/elephant-bird/revisions/rev_27ceb0c_4353485/rev_27ceb0c-4353485;0
/home/taes/taes//projects/elephant-bird/revisions/rev_d48ed68_da570d2/rev_d48ed68-da570d2;0
/home/taes/taes//projects/atlas/revisions/rev_06b2d1f_53cd9d2/rev_06b2d1f-53cd9d2;0
/home/taes/taes//projects/elephant-bird/revisions/rev_f06548b_513c57a/rev_f06548b-513c57a;0
/home/taes/taes//projects/ribbon/revisions/rev_7620032_42c3e4c/rev_7620032-42c3e4c;0
/home/taes/taes//projects/ribbon/revisions/rev_b33a5ed_42c3e4c/rev_b33a5ed-42c3e4c;0
/home/taes/taes//projects/ribbon/revisions/rev_4be8bde_47e5ff8/rev_4be8bde-47e5ff8;0
/home/taes/taes//projects/ribbon/revisions/rev_aebc2c4_89ee7d8/rev_aebc2c4-89ee7d8;0
/home/taes/taes//projects/retrofit/revisions/rev_2ef7ca0_941ae85/rev_2ef7ca0-941ae85;0
/home/taes/taes//projects/elephant-bird/revisions/rev_2e05eec_21dbeee/rev_2e05eec-21dbeee;0
/home/taes/taes//projects/retrofit/revisions/rev_d665e56_bf94f53/rev_d665e56-bf94f53;0
/home/taes/taes//projects/ribbon/revisions/rev_879cae7_4bd4aa3/rev_879cae7-4bd4aa3;0
/home/taes/taes//projects/ribbon/revisions/rev_352cb58_00824ee/rev_352cb58-00824ee;0
/home/taes/taes//projects/elephant-bird/revisions/rev_9a3bd70_20697f0/rev_9a3bd70-20697f0;0
/home/taes/taes//projects/elephant-bird/revisions/rev_2ad1a24_abcabcd/rev_2ad1a24-abcabcd;0
/home/taes/taes//projects/elephant-bird/revisions/rev_6d28c12_2c0f0fe/rev_6d28c12-2c0f0fe;0
/home/taes/taes//projects/elephant-bird/revisions/rev_923d61a_468dd30/rev_923d61a-468dd30;0
/home/taes/taes//projects/elephant-bird/revisions/rev_af48e3e_1efa52d/rev_af48e3e-1efa52d;0
